	Text_ID	Word_Number	Sentence_Number	Word_In_Sentence_Number	Word	Word_Cleaned
	1	1	1	1	There	there
1	1	2	1	2	are	are
2	1	3	1	3	now	now
3	1	4	1	4	rumblings	rumblings
4	1	5	1	5	that	that
5	1	6	1	6	Apple	apple
6	1	7	1	7	might	might
7	1	8	1	8	soon	soon
8	1	9	1	9	invade	invade
9	1	10	1	10	the	the
10	1	11	1	11	smart	smart
11	1	12	1	12	watch	watch
12	1	13	1	13	"space,"	space
13	1	14	1	14	though	though
14	1	15	1	15	the	the
15	1	16	1	16	company	company
16	1	17	1	17	is	is
17	1	18	1	18	maintaining	maintaining
18	1	19	1	19	its	its
19	1	20	1	20	customary	customary
20	1	21	1	21	silence.	silence
21	1	22	2	1	The	the
22	1	23	2	2	watch	watch
23	1	24	2	3	doesn't	doesn't
24	1	25	2	4	have	have
25	1	26	2	5	a	a
26	1	27	2	6	microphone	microphone
27	1	28	2	7	or	or
28	1	29	2	8	"speaker,"	speaker
29	1	30	2	9	but	but
30	1	31	2	10	you	you
31	1	32	2	11	can	can
32	1	33	2	12	use	use
33	1	34	2	13	it	it
34	1	35	2	14	to	to
35	1	36	2	15	control	control
36	1	37	2	16	the	the
37	1	38	2	17	music	music
38	1	39	2	18	on	on
39	1	40	2	19	your	your
40	1	41	2	20	phone.	phone
41	1	42	3	1	You	you
42	1	43	3	2	can	can
43	1	44	3	3	glance	glance
44	1	45	3	4	at	at
45	1	46	3	5	the	the
46	1	47	3	6	watch	watch
47	1	48	3	7	face	face
48	1	49	3	8	to	to
49	1	50	3	9	view	view
50	1	51	3	10	the	the
51	1	52	3	11	artist	artist
52	1	53	3	12	and	and
53	1	54	3	13	title	title
54	1	55	3	14	of	of
55	1	56	3	15	a	a
56	1	57	3	16	song.	song
	2	1	1	1	Two	two
58	2	2	1	2	days	days
59	2	3	1	3	"later,"	later
60	2	4	1	4	the	the
61	2	5	1	5	British	british
62	2	6	1	6	astronomer	astronomer
63	2	7	1	7	Richard	richard
64	2	8	1	8	Carrington	carrington
65	2	9	1	9	was	was
66	2	10	1	10	observing	observing
67	2	11	1	11	the	the
68	2	12	1	12	interesting	interesting
69	2	13	1	13	sunspot	sunspot
70	2	14	1	14	group	group
71	2	15	1	15	through	through
72	2	16	1	16	his	his
73	2	17	1	17	telescope	telescope
74	2	18	1	18	when	when
75	2	19	1	19	he	he
76	2	20	1	20	saw	saw
77	2	21	1	21	what	what
78	2	22	1	22	he	he
79	2	23	1	23	described	described
80	2	24	1	24	as	as
81	2	25	1	25	"""two"	two
82	2	26	1	26	patches	patches
83	2	27	1	27	of	of
84	2	28	1	28	intensely	intensely
85	2	29	1	29	bright	bright
86	2	30	1	30	and	and
87	2	31	1	31	white	white
88	2	32	1	32	"light"""	light
89	2	33	1	33	over	over
90	2	34	1	34	the	the
91	2	35	1	35	sunspots.	sunspots
92	2	36	2	1	He	he
93	2	37	2	2	jotted	jotted
94	2	38	2	3	a	a
95	2	39	2	4	note	note
96	2	40	2	5	in	in
97	2	41	2	6	his	his
98	2	42	2	7	painstaking	painstaking
99	2	43	2	8	record.	record
100	2	44	3	1	That	that
101	2	45	3	2	night	night
102	2	46	3	3	there	there
103	2	47	3	4	was	was
104	2	48	3	5	scarcely	scarcely
105	2	49	3	6	a	a
106	2	50	3	7	square	square
107	2	51	3	8	inch	inch
108	2	52	3	9	of	of
109	2	53	3	10	earth	earth
110	2	54	3	11	that	that
111	2	55	3	12	was	was
112	2	56	3	13	not	not
113	2	57	3	14	illuminated	illuminated
114	2	58	3	15	by	by
115	2	59	3	16	aurora.	aurora
116	3	1	1	1	I	i
117	3	2	1	2	agree	agree
118	3	3	1	3	that	that
119	3	4	1	4	California's	california's
120	3	5	1	5	"""three"	three
121	3	6	1	6	strikes	strikes
122	3	7	1	7	and	and
123	3	8	1	8	you're	you're
124	3	9	1	9	"out"""	out
125	3	10	1	10	law	law
126	3	11	1	11	will	will
127	3	12	1	12	be	be
128	3	13	1	13	a	a
129	3	14	1	14	financial	financial
130	3	15	1	15	disaster	disaster
131	3	16	1	16	for	for
132	3	17	1	17	taxpayers	taxpayers
133	3	18	1	18	who	who
134	3	19	1	19	care	care
135	3	20	1	20	about	about
136	3	21	1	21	education	education
137	3	22	1	22	and	and
138	3	23	1	23	other	other
139	3	24	1	24	vital	vital
140	3	25	1	25	services.	services
141	3	26	2	1	But	but
142	3	27	2	2	it's	it's
143	3	28	2	3	far	far
144	3	29	2	4	from	from
145	3	30	2	5	clear	clear
146	3	31	2	6	that	that
147	3	32	2	7	the	the
148	3	33	2	8	law	law
149	3	34	2	9	can	can
150	3	35	2	10	even	even
151	3	36	2	11	be	be
152	3	37	2	12	credited	credited
153	3	38	2	13	with	with
154	3	39	2	14	a	a
155	3	40	2	15	reduction	reduction
156	3	41	2	16	in	in
157	3	42	2	17	crime	crime
158	3	43	2	18	in	in
159	3	44	2	19	California.	california
160	3	46	3	2	While	while
161	3	47	3	3	it's	it's
162	3	48	3	4	true	true
163	3	49	3	5	that	that
164	3	50	3	6	crime	crime
165	3	51	3	7	declined	declined
166	3	52	3	8	in	in
167	3	53	3	9	California	california
168	3	54	3	10	last	last
169	3	55	3	11	"year,"	year
170	3	56	3	12	crime	crime
171	3	57	3	13	also	also
172	3	58	3	14	dropped	dropped
173	3	59	3	15	nationwide	nationwide
174	4	1	1	1	Liza	liza
175	4	2	1	2	was	was
176	4	3	1	3	in	in
177	4	4	1	4	a	a
178	4	5	1	5	bad	bad
179	4	6	1	6	"temper,"	temper
180	4	7	1	7	for	for
181	4	8	1	8	she	she
182	4	9	1	9	was	was
183	4	10	1	10	mixing	mixing
184	4	11	1	11	the	the
185	4	12	1	12	Christmas	christmas
186	4	13	1	13	puddings	puddings
187	4	14	1	14	in	in
188	4	15	1	15	the	the
189	4	16	1	16	"kitchen,"	kitchen
190	4	17	1	17	and	and
191	4	18	1	18	had	had
192	4	19	1	19	been	been
193	4	20	1	20	drawn	drawn
194	4	21	1	21	from	from
195	4	22	1	22	"them,"	them
196	4	23	1	23	with	with
197	4	24	1	24	a	a
198	4	25	1	25	raisin	raisin
199	4	26	1	26	still	still
200	4	27	1	27	on	on
201	4	28	1	28	her	her
202	4	29	1	29	"cheek,"	cheek
203	4	30	1	30	by	by
204	4	31	1	31	Nana's	nana's
205	4	32	1	32	absurd	absurd
206	4	33	1	33	suspicions.	suspicions
207	4	34	2	1	She	she
208	4	35	2	2	thought	thought
209	4	36	2	3	the	the
210	4	37	2	4	best	best
211	4	38	2	5	way	way
212	4	39	2	6	of	of
213	4	40	2	7	getting	getting
214	4	41	2	8	a	a
215	4	42	2	9	little	little
216	4	43	2	10	quiet	quiet
217	4	44	2	11	was	was
218	4	45	2	12	to	to
219	4	46	2	13	take	take
220	4	47	2	14	Nana	nana
221	4	48	2	15	to	to
222	4	49	2	16	the	the
223	4	50	2	17	nursery	nursery
224	4	51	2	18	for	for
225	4	52	2	19	a	a
226	4	53	2	20	"moment,"	moment
227	4	54	2	21	but	but
228	4	55	2	22	in	in
229	4	56	2	23	custody	custody
230	4	57	2	24	of	of
231	4	58	2	25	course.	course
232	5	1	1	1	Mrs.	mrs
233	5	2	1	2	Darling	darling
234	5	3	1	3	quivered	quivered
235	5	4	1	4	and	and
236	5	5	1	5	went	went
237	5	6	1	6	to	to
238	5	7	1	7	the	the
239	5	8	1	8	window.	window
240	5	9	2	1	It	it
241	5	10	2	2	was	was
242	5	11	2	3	securely	securely
243	5	12	2	4	fastened.	fastened
244	5	13	3	1	She	she
245	5	14	3	2	looked	looked
246	5	15	3	3	"out,"	out
247	5	16	3	4	and	and
248	5	17	3	5	the	the
249	5	18	3	6	night	night
250	5	19	3	7	was	was
251	5	20	3	8	peppered	peppered
252	5	21	3	9	with	with
253	5	22	3	10	stars.	stars
254	5	23	4	1	They	they
255	5	24	4	2	were	were
256	5	25	4	3	crowding	crowding
257	5	26	4	4	round	round
258	5	27	4	5	the	the
259	5	28	4	6	"house,"	house
260	5	29	4	7	as	as
261	5	30	4	8	if	if
262	5	31	4	9	curious	curious
263	5	32	4	10	to	to
264	5	33	4	11	see	see
265	5	34	4	12	what	what
266	5	35	4	13	was	was
267	5	36	4	14	to	to
268	5	37	4	15	take	take
269	5	38	4	16	place	place
270	5	39	4	17	"there,"	there
271	5	40	4	18	but	but
272	5	41	4	19	she	she
273	5	42	4	20	did	did
274	5	43	4	21	not	not
275	5	44	4	22	notice	notice
276	5	45	4	23	"this,"	this
277	5	46	4	24	nor	nor
278	5	47	4	25	that	that
279	5	48	4	26	one	one
280	5	49	4	27	or	or
281	5	50	4	28	two	two
282	5	51	4	29	of	of
283	5	52	4	30	the	the
284	5	53	4	31	smaller	smaller
285	5	54	4	32	ones	ones
286	5	55	4	33	winked	winked
287	5	56	4	34	at	at
288	5	57	4	35	her.	her
289	6	1	1	1	Seeing	seeing
290	6	2	1	2	Peter	peter
291	6	3	1	3	slowly	slowly
292	6	4	1	4	advancing	advancing
293	6	5	1	5	upon	upon
294	6	6	1	6	him	him
295	6	7	1	7	through	through
296	6	8	1	8	the	the
297	6	9	1	9	air	air
298	6	10	1	10	with	with
299	6	11	1	11	dagger	dagger
300	6	12	1	12	"poised,"	poised
301	6	13	1	13	he	he
302	6	14	1	14	sprang	sprang
303	6	15	1	15	upon	upon
304	6	16	1	16	the	the
305	6	17	1	17	bulwarks	bulwarks
306	6	18	1	18	to	to
307	6	19	1	19	cast	cast
308	6	20	1	20	himself	himself
309	6	21	1	21	into	into
310	6	22	1	22	the	the
311	6	23	1	23	sea.	sea
312	6	24	2	1	He	he
313	6	25	2	2	did	did
314	6	26	2	3	not	not
315	6	27	2	4	know	know
316	6	28	2	5	that	that
317	6	29	2	6	the	the
318	6	30	2	7	crocodile	crocodile
319	6	31	2	8	was	was
320	6	32	2	9	waiting	waiting
321	6	33	2	10	for	for
322	6	34	2	11	him;	him
323	6	35	2	12	for	for
324	6	36	2	13	we	we
325	6	37	2	14	purposely	purposely
326	6	38	2	15	stopped	stopped
327	6	39	2	16	the	the
328	6	40	2	17	clock	clock
329	6	41	2	18	that	that
330	6	42	2	19	this	this
331	6	43	2	20	knowledge	knowledge
332	6	44	2	21	might	might
333	6	45	2	22	be	be
334	6	46	2	23	spared	spared
335	6	47	2	24	him:	him
336	6	48	2	25	a	a
337	6	49	2	26	little	little
338	6	50	2	27	mark	mark
339	6	51	2	28	of	of
340	6	52	2	29	respect	respect
341	6	53	2	30	from	from
342	6	54	2	31	us	us
343	6	55	2	32	at	at
344	6	56	2	33	the	the
345	6	57	2	34	end.	end
346	7	1	1	1	Dorothy	dorothy
347	7	2	1	2	didn't	didn't
348	7	3	1	3	know.	know
349	7	4	2	1	She	she
350	7	5	2	2	looked	looked
351	7	6	2	3	around	around
352	7	7	2	4	her	her
353	7	8	2	5	anxiously	anxiously
354	7	9	2	6	for	for
355	7	10	2	7	some	some
356	7	11	2	8	familiar	familiar
357	7	12	2	9	landmark;	landmark
358	7	13	2	10	but	but
359	7	14	2	11	everything	everything
360	7	15	2	12	was	was
361	7	16	2	13	strange.	strange
362	7	17	3	1	Between	between
363	7	18	3	2	the	the
364	7	19	3	3	branches	branches
365	7	20	3	4	of	of
366	7	21	3	5	the	the
367	7	22	3	6	many	many
368	7	23	3	7	roads	roads
369	7	24	3	8	were	were
370	7	25	3	9	green	green
371	7	26	3	10	meadows	meadows
372	7	27	3	11	and	and
373	7	28	3	12	a	a
374	7	29	3	13	few	few
375	7	30	3	14	shrubs	shrubs
376	7	31	3	15	and	and
377	7	32	3	16	"trees,"	trees
378	7	33	3	17	but	but
379	7	34	3	18	she	she
380	7	35	3	19	couldn't	couldn't
381	7	36	3	20	see	see
382	7	37	3	21	the	the
383	7	38	3	22	farm-house	farm-house
384	7	39	3	23	from	from
385	7	40	3	24	which	which
386	7	41	3	25	she	she
387	7	42	3	26	had	had
388	7	43	3	27	just	just
389	7	44	3	28	"come,"	come
390	7	45	3	29	or	or
391	7	46	3	30	anything	anything
392	7	47	3	31	she	she
393	7	48	3	32	had	had
394	7	49	3	33	ever	ever
395	7	50	3	34	seen	seen
396	7	51	3	35	"before,"	before
397	7	52	3	36	except	except
398	7	53	3	37	the	the
399	7	54	3	38	shaggy	shaggy
400	7	55	3	39	man	man
401	7	56	3	40	and	and
402	7	57	3	41	Toto.	toto
403	8	1	1	1	The	The
404	8	2	1	2	human	human
405	8	3	1	3	body	body
406	8	4	1	4	can	can
407	8	5	1	5	tolerate	tolerate
408	8	6	1	6	only	only
409	8	7	1	7	a	a
410	8	8	1	8	small	small
411	8	9	1	9	range	range
412	8	10	1	10	of	of
413	8	11	1	11	"temperature,"	temperature
414	8	12	1	12	especially	especially
415	8	13	1	13	when	when
416	8	14	1	14	the	the
417	8	15	1	15	person	person
418	8	16	1	16	is	is
419	8	17	1	17	engaged	engaged
420	8	18	1	18	in	in
421	8	19	1	19	vigorous	vigorous
422	8	20	1	20	activity.	activity
423	8	21	2	1	Heat	heat
424	8	22	2	2	reactions	reactions
425	8	23	2	3	usually	usually
426	8	24	2	4	occur	occur
427	8	25	2	5	when	when
428	8	26	2	6	large	large
429	8	27	2	7	amounts	amounts
430	8	28	2	8	of	of
431	8	29	2	9	water	water
432	8	30	2	10	and/or	and/or
433	8	31	2	11	salt	salt
434	8	32	2	12	are	are
435	8	33	2	13	lost	lost
436	8	34	2	14	through	through
437	8	35	2	15	excessive	excessive
438	8	36	2	16	sweating	sweating
439	8	37	2	17	following	following
440	8	38	2	18	strenuous	strenuous
441	8	39	2	19	exercise.	exercise
442	8	40	3	1	When	when
443	8	41	3	2	the	the
444	8	42	3	3	body	body
445	8	43	3	4	becomes	becomes
446	8	44	3	5	overheated	overheated
447	8	45	3	6	and	and
448	8	46	3	7	cannot	cannot
449	8	47	3	8	eliminate	eliminate
450	8	48	3	9	this	this
451	8	49	3	10	excess	excess
452	8	50	3	11	"heat,"	heat
453	8	51	3	12	heat	heat
454	8	52	3	13	exhaustion	exhaustion
455	8	53	3	14	and	and
456	8	54	3	15	heat	heat
457	8	55	3	16	stroke	stroke
458	8	56	3	17	are	are
459	8	57	3	18	possible	possible
460	9	1	1	1	It	it
461	9	2	1	2	was	was
462	9	3	1	3	a	a
463	9	4	1	4	forbidding	forbidding
464	9	5	1	5	"challenge,"	challenge
465	9	6	1	6	and	and
466	9	7	1	7	it	it
467	9	8	1	8	says	says
468	9	9	1	9	much	much
469	9	10	1	10	for	for
470	9	11	1	11	Winstanley's	winstanley's
471	9	12	1	12	persuasive	persuasive
472	9	13	1	13	"abilities,"	abilities
473	9	14	1	14	not	not
474	9	15	1	15	to	to
475	9	16	1	16	mention	mention
476	9	17	1	17	his	his
477	9	18	1	18	"self-confidence,"	self-confidence
478	9	19	1	19	that	that
479	9	20	1	20	the	the
480	9	21	1	21	admiralty	admiralty
481	9	22	1	22	agreed	agreed
482	9	23	1	23	to	to
483	9	24	1	24	fund	fund
484	9	25	1	25	him.	him
485	9	26	2	1	No	no
486	9	27	2	2	lighthouse	lighthouse
487	9	28	2	3	had	had
488	9	29	2	4	ever	ever
489	9	30	2	5	been	been
490	9	31	2	6	built	built
491	9	32	2	7	out	out
492	9	33	2	8	to	to
493	9	34	2	9	sea	sea
494	9	35	2	10	on	on
495	9	36	2	11	an	an
496	9	37	2	12	isolated	isolated
497	9	38	2	13	rock	rock
498	9	39	2	14	before.	before
499	9	40	3	1	The	the
500	9	41	3	2	Eddystone	eddystone
501	9	42	3	3	is	is
502	9	43	3	4	hard	hard
503	9	44	3	5	enough	enough
504	9	45	3	6	to	to
505	9	46	3	7	"avoid,"	avoid
506	9	47	3	8	but	but
507	9	48	3	9	landing	landing
508	9	49	3	10	on	on
509	9	50	3	11	it	it
510	9	51	3	12	is	is
511	9	52	3	13	a	a
512	9	53	3	14	separate	separate
513	9	54	3	15	challenge	challenge
514	9	55	3	16	entirely.	entirely
515	10	1	1	1	A	a
516	10	2	1	2	clergyman	clergyman
517	10	3	1	3	remarked	remarked
518	10	4	1	4	to	to
519	10	5	1	5	"him,"	him
520	10	6	1	6	"""The"	the
521	10	7	1	7	Lord	lord
522	10	8	1	8	is	is
523	10	9	1	9	on	on
524	10	10	1	10	our	our
525	10	11	1	11	"side."""	side
526	10	12	2	1	I	i
527	10	13	2	2	am	am
528	10	14	2	3	not	not
529	10	15	2	4	at	at
530	10	16	2	5	all	all
531	10	17	2	6	concerned	concerned
532	10	18	2	7	about	about
533	10	19	2	8	"that,"	that
534	10	20	2	9	replied	replied
535	10	21	2	10	Mr.	mr
536	10	22	2	11	Lincoln;	lincoln
537	10	23	2	12	"""for"	for
538	10	24	2	13	I	i
539	10	25	2	14	know	know
540	10	26	2	15	that	that
541	10	27	2	16	the	the
542	10	28	2	17	Lord	lord
543	10	29	2	18	is	is
544	10	30	2	19	always	always
545	10	31	2	20	on	on
546	10	32	2	21	the	the
547	10	33	2	22	side	side
548	10	34	2	23	of	of
549	10	35	2	24	the	the
550	10	36	2	25	right.	right
551	10	37	3	1	But	but
552	10	38	3	2	it	it
553	10	39	3	3	is	is
554	10	40	3	4	my	my
555	10	41	3	5	constant	constant
556	10	42	3	6	anxiety	anxiety
557	10	43	3	7	and	and
558	10	44	3	8	prayer	prayer
559	10	45	3	9	that	that
560	10	46	3	10	I	i
561	10	47	3	11	and	and
562	10	48	3	12	this	this
563	10	49	3	13	nation	nation
564	10	50	3	14	should	should
565	10	51	3	15	be	be
566	10	52	3	16	on	on
567	10	53	3	17	the	the
568	10	54	3	18	Lord's	lord's
569	10	55	3	19	"side."""	side
570	11	1	1	1	Known	known
571	11	2	1	2	as	as
572	11	3	1	3	Rapa	rapa
573	11	4	1	4	Nui	nui
574	11	5	1	5	to	to
575	11	6	1	6	the	the
576	11	7	1	7	island's	island's
577	11	8	1	8	"inhabitants,"	inhabitants
578	11	9	1	9	Rongorongo	rongorongo
579	11	10	1	10	is	is
580	11	11	1	11	a	a
581	11	12	1	12	writing	writing
582	11	13	1	13	system	system
583	11	14	1	14	comprised	comprised
584	11	15	1	15	of	of
585	11	16	1	16	pictographs.	pictographs
586	11	17	2	1	It	it
587	11	18	2	2	has	has
588	11	19	2	3	been	been
589	11	20	2	4	found	found
590	11	21	2	5	carved	carved
591	11	22	2	6	into	into
592	11	23	2	7	many	many
593	11	24	2	8	oblong	oblong
594	11	25	2	9	wooden	wooden
595	11	26	2	10	tablets	tablets
596	11	27	2	11	and	and
597	11	28	2	12	other	other
598	11	29	2	13	artifacts	artifacts
599	11	30	2	14	from	from
600	11	31	2	15	the	the
601	11	32	2	16	island's	island's
602	11	33	2	17	history.	history
603	11	34	3	1	The	the
604	11	35	3	2	art	art
605	11	36	3	3	of	of
606	11	37	3	4	writing	writing
607	11	38	3	5	was	was
608	11	39	3	6	not	not
609	11	40	3	7	known	known
610	11	41	3	8	in	in
611	11	42	3	9	any	any
612	11	43	3	10	nearby	nearby
613	11	44	3	11	islands	islands
614	11	45	3	12	and	and
615	11	46	3	13	the	the
616	11	47	3	14	script's	script's
617	11	48	3	15	mere	mere
618	11	49	3	16	existence	existence
619	11	50	3	17	is	is
620	11	51	3	18	sufficient	sufficient
621	11	52	3	19	to	to
622	11	53	3	20	confound	confound
623	11	54	3	21	anthropologists.	anthropologists
624	12	1	1	1	Some	some
625	12	2	1	2	months	months
626	12	3	1	3	"later,"	later
627	12	4	1	4	Michael	michael
628	12	5	1	5	Larson	larson
629	12	6	1	6	saw	saw
630	12	7	1	7	another	another
631	12	8	1	8	opportunity	opportunity
632	12	9	1	9	to	to
633	12	10	1	10	stack	stack
634	12	11	1	11	the	the
635	12	12	1	12	odds	odds
636	12	13	1	13	in	in
637	12	14	1	14	his	his
638	12	15	1	15	favor	favor
639	12	16	1	16	with	with
640	12	17	1	17	a	a
641	12	18	1	18	dash	dash
642	12	19	1	19	of	of
643	12	20	1	20	ingenuity.	ingenuity
644	12	21	2	1	He	he
645	12	22	2	2	walked	walked
646	12	23	2	3	into	into
647	12	24	2	4	his	his
648	12	25	2	5	bank	bank
649	12	26	2	6	one	one
650	12	27	2	7	day	day
651	12	28	2	8	and	and
652	12	29	2	9	asked	asked
653	12	30	2	10	to	to
654	12	31	2	11	withdraw	withdraw
655	12	32	2	12	his	his
656	12	33	2	13	entire	entire
657	12	34	2	14	account	account
658	12	35	2	15	"balance,"	balance
659	12	36	2	16	but	but
660	12	37	2	17	with	with
661	12	38	2	18	an	an
662	12	39	2	19	unusual	unusual
663	12	40	2	20	stipulation:	stipulation
664	12	41	2	21	He	he
665	12	42	2	22	wanted	wanted
666	12	43	2	23	as	as
667	12	44	2	24	much	much
668	12	45	2	25	of	of
669	12	46	2	26	the	the
670	12	47	2	27	cash	cash
671	12	48	2	28	as	as
672	12	49	2	29	possible	possible
673	12	50	2	30	in	in
674	12	51	2	31	one	one
675	12	52	2	32	dollar	dollar
676	12	53	2	33	notes.	notes
677	13	1	1	1	Bob	bob
678	13	2	1	2	"Murphy,"	murphy
679	13	3	1	3	the	the
680	13	4	1	4	Senior	senior
681	13	5	1	5	PGA	pga
682	13	6	1	6	Tour	tour
683	13	7	1	7	money	money
684	13	8	1	8	leader	leader
685	13	9	1	9	with	with
686	13	10	1	10	seven	seven
687	13	11	1	11	hundred	hundred
688	13	12	1	12	"thousand,"	thousand
689	13	13	1	13	says	says
690	13	14	1	14	heat	heat
691	13	15	1	15	shouldn't	shouldn't
692	13	16	1	16	be	be
693	13	17	1	17	a	a
694	13	18	1	18	factor.	factor
695	13	20	2	2	"""I"	i
696	13	21	2	3	don't	don't
697	13	22	2	4	think	think
698	13	23	2	5	you're	you're
699	13	24	2	6	going	going
700	13	25	2	7	to	to
701	13	26	2	8	have	have
702	13	27	2	9	a	a
703	13	28	2	10	heat	heat
704	13	29	2	11	wave	wave
705	13	30	2	12	I'm	i'm
706	13	31	2	13	not	not
707	13	32	2	14	going	going
708	13	33	2	15	to	to
709	13	34	2	16	be	be
710	13	35	2	17	able	able
711	13	36	2	18	to	to
712	13	37	2	19	"handle,"""	handle
713	13	38	2	20	he	he
714	13	39	2	21	said.	said
715	13	40	3	1	"""Everybody"	everybody
716	13	41	3	2	treats	treats
717	13	42	3	3	it	it
718	13	43	3	4	differently.	differently
719	13	44	4	1	My	my
720	13	45	4	2	son	son
721	13	46	4	3	"Ronnie,"	ronnie
722	13	47	4	4	his	his
723	13	48	4	5	"caddie,"	caddie
724	13	49	4	6	and	and
725	13	50	4	7	I	i
726	13	51	4	8	won't	won't
727	13	52	4	9	be	be
728	13	53	4	10	riding	riding
729	13	54	4	11	carts	carts
730	14	1	1	1	With	with
731	14	2	1	2	schools	schools
732	14	3	1	3	still	still
733	14	4	1	4	"closed,"	closed
734	14	5	1	5	cars	cars
735	14	6	1	6	still	still
736	14	7	1	7	buried	buried
737	14	8	1	8	and	and
738	14	9	1	9	streets	streets
739	14	10	1	10	still	still
740	14	11	1	11	blocked	blocked
741	14	12	1	12	by	by
742	14	13	1	13	the	the
743	14	14	1	14	widespread	widespread
744	14	15	1	15	weekend	weekend
745	14	16	1	16	"snowstorm,"	snowstorm
746	14	17	1	17	officials	officials
747	14	18	1	18	are	are
748	14	19	1	19	asking	asking
749	14	20	1	20	people	people
750	14	21	1	21	to	to
751	14	22	1	22	pick	pick
752	14	23	1	23	up	up
753	14	24	1	24	a	a
754	14	25	1	25	shovel	shovel
755	14	26	1	26	and	and
756	14	27	1	27	help	help
757	14	28	1	28	out.	out
758	14	29	2	1	In	in
759	14	30	2	2	"Boston,"	boston
760	14	31	2	3	a	a
761	14	32	2	4	"""snow"	snow
762	14	33	2	5	"angel"""	angel
763	14	34	2	6	campaign	campaign
764	14	35	2	7	is	is
765	14	36	2	8	using	using
766	14	37	2	9	social	social
767	14	38	2	10	media	media
768	14	39	2	11	to	to
769	14	40	2	12	encourage	encourage
770	14	41	2	13	neighbors	neighbors
771	14	42	2	14	and	and
772	14	43	2	15	friends	friends
773	14	44	2	16	to	to
774	14	45	2	17	be	be
775	14	46	2	18	an	an
776	14	47	2	19	angel	angel
777	14	48	2	20	and	and
778	14	49	2	21	help	help
779	14	50	2	22	dig	dig
780	14	51	2	23	out	out
781	14	52	2	24	the	the
782	14	53	2	25	stranded	stranded
783	15	1	1	1	Greg	greg
784	15	2	1	2	"Anderson,"	anderson
785	15	3	1	3	considered	considered
786	15	4	1	4	a	a
787	15	5	1	5	key	key
788	15	6	1	6	witness	witness
789	15	7	1	7	by	by
790	15	8	1	8	the	the
791	15	9	1	9	"prosecution,"	prosecution
792	15	10	1	10	vowed	vowed
793	15	11	1	11	he	he
794	15	12	1	12	wouldn't	wouldn't
795	15	13	1	13	testify	testify
796	15	14	1	14	when	when
797	15	15	1	15	served	served
798	15	16	1	16	a	a
799	15	17	1	17	subpoena	subpoena
800	15	18	1	18	last	last
801	15	19	1	19	week.	week
802	15	20	2	1	His	his
803	15	21	2	2	lawyers	lawyers
804	15	22	2	3	said	said
805	15	23	2	4	he	he
806	15	24	2	5	was	was
807	15	25	2	6	prepared	prepared
808	15	26	2	7	for	for
809	15	27	2	8	a	a
810	15	28	2	9	third	third
811	15	29	2	10	prison	prison
812	15	30	2	11	stay	stay
813	15	31	2	12	to	to
814	15	32	2	13	maintain	maintain
815	15	33	2	14	his	his
816	15	34	2	15	silence.	silence
817	15	35	3	1	Anderson	anderson
818	15	36	3	2	was	was
819	15	37	3	3	released	released
820	15	38	3	4	July	july
821	15	39	3	5	20	20
822	15	40	3	6	after	after
823	15	41	3	7	a	a
824	15	42	3	8	two-week	two-week
825	15	43	3	9	stay	stay
826	15	44	3	10	for	for
827	15	45	3	11	previously	previously
828	15	46	3	12	declining	declining
829	15	47	3	13	to	to
830	15	48	3	14	testify	testify
831	15	49	3	15	before	before
832	15	50	3	16	a	a
833	15	51	3	17	different	different
834	15	52	3	18	grand	grand
835	15	53	3	19	jury	jury
836	16	1	1	1	Steam	steam
837	16	2	1	2	sterilization	sterilization
838	16	3	1	3	is	is
839	16	4	1	4	limited	limited
840	16	5	1	5	in	in
841	16	6	1	6	the	the
842	16	7	1	7	types	types
843	16	8	1	8	of	of
844	16	9	1	9	medical	medical
845	16	10	1	10	waste	waste
846	16	11	1	11	it	it
847	16	12	1	12	can	can
848	16	13	1	13	"treat,"	treat
849	16	14	1	14	but	but
850	16	15	1	15	is	is
851	16	16	1	16	appropriate	appropriate
852	16	17	1	17	for	for
853	16	18	1	18	laboratory	laboratory
854	16	19	1	19	cultures	cultures
855	16	20	1	20	and	and
856	16	21	1	21	substances	substances
857	16	22	1	22	contaminated	contaminated
858	16	23	1	23	with	with
859	16	24	1	24	infectious	infectious
860	16	25	1	25	organisms.	organisms
861	16	26	2	1	The	the
862	16	27	2	2	waste	waste
863	16	28	2	3	is	is
864	16	29	2	4	subjected	subjected
865	16	30	2	5	to	to
866	16	31	2	6	steam	steam
867	16	32	2	7	in	in
868	16	33	2	8	a	a
869	16	34	2	9	"sealed,"	sealed
870	16	35	2	10	pressurized	pressurized
871	16	36	2	11	chamber.	chamber
872	16	37	3	1	The	the
873	16	38	3	2	liquid	liquid
874	16	39	3	3	that	that
875	16	40	3	4	may	may
876	16	41	3	5	form	form
877	16	42	3	6	is	is
878	16	43	3	7	drained	drained
879	16	44	3	8	off	off
880	16	45	3	9	to	to
881	16	46	3	10	the	the
882	16	47	3	11	sewer	sewer
883	16	48	3	12	or	or
884	16	49	3	13	sent	sent
885	16	50	3	14	for	for
886	16	51	3	15	processing.	processing
887	17	1	1	1	Owls	owls
888	17	2	1	2	are	are
889	17	3	1	3	more	more
890	17	4	1	4	flexible	flexible
891	17	5	1	5	than	than
892	17	6	1	6	humans	humans
893	17	7	1	7	because	because
894	17	8	1	8	a	a
895	17	9	1	9	bird's	bird's
896	17	10	1	10	head	head
897	17	11	1	11	is	is
898	17	12	1	12	only	only
899	17	13	1	13	connected	connected
900	17	14	1	14	by	by
901	17	15	1	15	one	one
902	17	16	1	16	socket	socket
903	17	17	1	17	pivot.	pivot
904	17	18	2	1	People	people
905	17	19	2	2	have	have
906	17	20	2	3	"two,"	two
907	17	21	2	4	which	which
908	17	22	2	5	limits	limits
909	17	23	2	6	our	our
910	17	24	2	7	ability	ability
911	17	25	2	8	to	to
912	17	26	2	9	"twist,"	twist
913	17	27	2	10	Forsman	forsman
914	17	28	2	11	added.	added
915	17	29	3	1	Owls	owls
916	17	30	3	2	also	also
917	17	31	3	3	have	have
918	17	32	3	4	multiple	multiple
919	17	33	3	5	"vertebrae,"	vertebrae
920	17	34	3	6	the	the
921	17	35	3	7	small	small
922	17	36	3	8	bones	bones
923	17	37	3	9	that	that
924	17	38	3	10	make	make
925	17	39	3	11	up	up
926	17	40	3	12	the	the
927	17	41	3	13	neck	neck
928	17	42	3	14	and	and
929	17	43	3	15	"spine,"	spine
930	17	44	3	16	helping	helping
931	17	45	3	17	them	them
932	17	46	3	18	achieve	achieve
933	17	47	3	19	a	a
934	17	48	3	20	wide	wide
935	17	49	3	21	range	range
936	17	50	3	22	of	of
937	17	51	3	23	motion.	motion
938	18	1	1	1	Even	even
939	18	2	1	2	in	in
940	18	3	1	3	the	the
941	18	3	3	9	evolution	evolution
942	18	4	1	4	same	same
943	18	5	1	5	"animal,"	animal
944	18	6	1	6	not	not
945	18	7	1	7	all	all
946	18	8	1	8	bites	bites
947	18	9	1	9	are	are
948	18	10	1	10	the	the
949	18	11	1	11	same.	same
950	18	12	2	1	A	a
951	18	13	2	2	new	new
952	18	14	2	3	study	study
953	18	15	2	4	finds	finds
954	18	16	2	5	that	that
955	18	17	2	6	because	because
956	18	18	2	7	the	the
957	18	19	2	8	force	force
958	18	20	2	9	in	in
959	18	21	2	10	a	a
960	18	22	2	11	muscle	muscle
961	18	23	2	12	depends	depends
962	18	24	2	13	on	on
963	18	25	2	14	how	how
964	18	26	2	15	much	much
965	18	27	2	16	it	it
966	18	28	2	17	is	is
967	18	29	2	18	"stretched,"	stretched
968	18	30	2	19	an	an
969	18	31	2	20	animal's	animal's
970	18	32	2	21	bite	bite
971	18	33	2	22	force	force
972	18	34	2	23	depends	depends
973	18	35	2	24	on	on
974	18	36	2	25	the	the
975	18	37	2	26	size	size
976	18	38	2	27	of	of
977	18	39	2	28	what	what
978	18	40	2	29	it	it
979	18	41	2	30	is	is
980	18	42	2	31	biting.	biting
981	18	43	3	1	The	the
982	18	44	3	2	finding	finding
983	18	45	3	3	has	has
984	18	46	3	4	direct	direct
985	18	47	3	5	implications	implications
986	18	48	3	6	for	for
987	18	49	3	7	ecology	ecology
988	18	50	3	8	and	and
989	19	1	1	1	"Interestingly,"	interestingly
990	19	2	1	2	the	the
991	19	3	1	3	heaviest	heaviest
992	19	4	1	4	isotopes	isotopes
993	19	5	1	5	physicists	physicists
994	19	6	1	6	have	have
995	19	7	1	7	managed	managed
996	19	8	1	8	to	to
997	19	9	1	9	synthesize	synthesize
998	19	10	1	10	so	so
999	19	11	1	11	far	far
1000	19	12	1	12	don't	don't
1001	19	13	1	13	behave	behave
1002	19	14	1	14	quite	quite
1003	19	15	1	15	like	like
1004	19	16	1	16	science's	science's
1005	19	17	1	17	best	best
1006	19	18	1	18	current	current
1007	19	19	1	19	models	models
1008	19	20	1	20	"predict,"	predict
1009	19	21	1	21	so	so
1010	19	22	1	22	stable	stable
1011	19	23	1	23	superheavy	superheavy
1012	19	24	1	24	nuclei	nuclei
1013	19	25	1	25	are	are
1014	19	26	1	26	likely	likely
1015	19	27	1	27	to	to
1016	19	28	1	28	be	be
1017	19	29	1	29	full	full
1018	19	30	1	30	of	of
1019	19	31	1	31	surprises.	surprises
1020	19	32	2	1	Chemists	chemists
1021	19	33	2	2	cannot	cannot
1022	19	34	2	3	even	even
1023	19	35	2	4	predict	predict
1024	19	36	2	5	with	with
1025	19	37	2	6	any	any
1026	19	38	2	7	certainty	certainty
1027	19	39	2	8	whether	whether
1028	19	40	2	9	these	these
1029	19	41	2	10	materials	materials
1030	19	42	2	11	will	will
1031	19	43	2	12	exist	exist
1032	19	44	2	13	as	as
1033	19	45	2	14	"gases,"	gases
1034	19	46	2	15	"liquids,"	liquids
1035	19	47	2	16	or	or
1036	19	48	2	17	solids	solids
1037	19	49	2	18	at	at
1038	19	50	2	19	room	room
1039	19	51	2	20	temperature	temperature
1040	20	1	1	1	Buck	buck
1041	20	2	1	2	did	did
1042	20	3	1	3	not	not
1043	20	4	1	4	like	like
1044	20	5	1	5	"it,"	it
1045	20	6	1	6	but	but
1046	20	7	1	7	he	he
1047	20	8	1	8	bore	bore
1048	20	9	1	9	up	up
1049	20	10	1	10	well	well
1050	20	11	1	11	to	to
1051	20	12	1	12	the	the
1052	20	13	1	13	"work,"	work
1053	20	14	1	14	taking	taking
1054	20	15	1	15	pride	pride
1055	20	16	1	16	in	in
1056	20	17	1	17	it.	it
1057	20	18	2	1	It	it
1058	20	19	2	2	was	was
1059	20	20	2	3	a	a
1060	20	21	2	4	monotonous	monotonous
1061	20	22	2	5	"life,"	life
1062	20	23	2	6	operating	operating
1063	20	24	2	7	with	with
1064	20	25	2	8	machine-like	machine-like
1065	20	26	2	9	regularity.	regularity
1066	20	27	3	1	One	one
1067	20	28	3	2	day	day
1068	20	29	3	3	was	was
1069	20	30	3	4	very	very
1070	20	31	3	5	like	like
1071	20	32	3	6	another.	another
1072	20	33	4	1	At	at
1073	20	34	4	2	a	a
1074	20	35	4	3	certain	certain
1075	20	36	4	4	time	time
1076	20	37	4	5	each	each
1077	20	38	4	6	morning	morning
1078	20	39	4	7	the	the
1079	20	40	4	8	cooks	cooks
1080	20	41	4	9	turned	turned
1081	20	42	4	10	"out,"	out
1082	20	43	4	11	fires	fires
1083	20	44	4	12	were	were
1084	20	45	4	13	"built,"	built
1085	20	46	4	14	and	and
1086	20	47	4	15	breakfast	breakfast
1087	20	48	4	16	was	was
1088	20	49	4	17	eaten.	eaten
1089	21	1	1	1	These	these
1090	21	2	1	2	"days,"	days
1091	21	3	3	3	neuroscience	neuroscience
1092	21	4	1	4	is	is
1093	21	5	1	5	beginning	beginning
1094	21	6	1	6	to	to
1095	21	7	1	7	catch	catch
1096	21	8	1	8	up	up
1097	21	9	1	9	to	to
1098	21	10	1	10	musicians	musicians
1099	21	11	1	11	who	who
1100	21	12	1	12	practice	practice
1101	21	13	1	13	mentally.	mentally
1102	21	14	2	1	Although	although
1103	21	15	2	2	the	the
1104	21	16	2	3	details	details
1105	21	17	2	4	are	are
1106	21	18	2	5	still	still
1107	21	19	2	6	somewhat	somewhat
1108	21	20	2	7	"elusive,"	elusive
1109	21	21	2	8	the	the
1110	21	22	2	9	key	key
1111	21	23	2	10	to	to
1112	21	24	2	11	the	the
1113	21	25	2	12	success	success
1114	21	26	2	13	of	of
1115	21	27	2	14	mental	mental
1116	21	28	2	15	imagery	imagery
1117	21	29	2	16	as	as
1118	21	30	2	17	a	a
1119	21	31	2	18	rehearsal	rehearsal
1120	21	32	2	19	technique	technique
1121	21	33	2	20	is	is
1122	21	34	2	21	that	that
1123	21	35	2	22	most	most
1124	21	36	2	23	of	of
1125	21	37	2	24	the	the
1126	21	38	2	25	same	same
1127	21	39	2	26	neurological	neurological
1128	21	40	2	27	regions	regions
1129	21	41	2	28	are	are
1130	21	42	2	29	invoked	invoked
1131	21	43	2	30	by	by
1132	21	44	2	31	mental	mental
1133	21	45	2	32	practice	practice
1134	21	46	2	33	as	as
1135	21	47	2	34	by	by
1136	21	48	2	35	real	real
1137	21	49	2	36	practice.	practice
1138	22	1	1	1	Not	not
1139	22	2	1	2	only	only
1140	22	3	1	3	smoke	smoke
1141	22	4	1	4	came	came
1142	22	5	1	5	out	out
1143	22	6	1	6	of	of
1144	22	7	1	7	it.	it
1145	22	8	2	1	There	there
1146	22	9	2	2	came	came
1147	22	10	2	3	also	also
1148	22	11	2	4	children's	children's
1149	22	12	2	5	"voices,"	voices
1150	22	13	2	6	for	for
1151	22	14	2	7	so	so
1152	22	15	2	8	safe	safe
1153	22	16	2	9	did	did
1154	22	17	2	10	the	the
1155	22	18	2	11	boys	boys
1156	22	19	2	12	feel	feel
1157	22	20	2	13	in	in
1158	22	21	2	14	their	their
1159	22	22	2	15	hiding-place	hiding-place
1160	22	23	2	16	that	that
1161	22	24	2	17	they	they
1162	22	25	2	18	were	were
1163	22	26	2	19	gaily	gaily
1164	22	27	2	20	chattering.	chattering
1165	22	28	3	1	The	the
1166	22	29	3	2	pirates	pirates
1167	22	30	3	3	listened	listened
1168	22	31	3	4	"grimly,"	grimly
1169	22	32	3	5	and	and
1170	22	33	3	6	then	then
1171	22	34	3	7	replaced	replaced
1172	22	35	3	8	the	the
1173	22	36	3	9	mushroom.	mushroom
1174	22	37	4	1	They	they
1175	22	38	4	2	looked	looked
1176	22	39	4	3	around	around
1177	22	40	4	4	them	them
1178	22	41	4	5	and	and
1179	22	42	4	6	noted	noted
1180	22	43	4	7	the	the
1181	22	44	4	8	holes	holes
1182	22	45	4	9	in	in
1183	22	46	4	10	the	the
1184	22	47	4	11	seven	seven
1185	22	48	4	12	trees.	trees
1186	23	1	1	1	When	when
1187	23	2	1	2	a	a
1188	23	3	1	3	nucleus	nucleus
1189	23	4	1	4	has	has
1190	23	5	1	5	all	all
1191	23	6	1	6	of	of
1192	23	7	1	7	its	its
1193	23	8	1	8	proton	proton
1194	23	9	1	9	shells	shells
1195	23	10	1	10	or	or
1196	23	11	1	11	neutron	neutron
1197	23	12	1	12	shells	shells
1198	23	13	1	13	loaded	loaded
1199	23	14	1	14	to	to
1200	23	15	1	15	full	full
1201	23	16	1	16	"capacity,"	capacity
1202	23	17	1	17	the	the
1203	23	18	1	18	layers	layers
1204	23	19	1	19	can	can
1205	23	20	1	20	align	align
1206	23	21	1	21	so	so
1207	23	22	1	22	well	well
1208	23	23	1	23	that	that
1209	23	24	1	24	each	each
1210	23	25	1	25	shell	shell
1211	23	26	1	26	can	can
1212	23	27	1	27	spoon	spoon
1213	23	28	1	28	intimately	intimately
1214	23	29	1	29	with	with
1215	23	30	1	30	its	its
1216	23	31	1	31	attractive	attractive
1217	23	32	1	32	"neighbors,"	neighbors
1218	23	33	1	33	forming	forming
1219	23	34	1	34	a	a
1220	23	35	1	35	more	more
1221	23	36	1	36	compact	compact
1222	23	37	1	37	sphere	sphere
1223	23	38	1	38	that	that
1224	23	39	1	39	fits	fits
1225	23	40	1	40	well	well
1226	23	41	1	41	within	within
1227	23	42	1	42	the	the
1228	23	43	1	43	strong	strong
1229	23	44	1	44	nuclear	nuclear
1230	23	45	1	45	force's	force's
1231	23	46	1	46	area	area
1232	23	47	1	47	of	of
1233	23	48	1	48	influence.	influence
1234	24	1	1	1	Hybrid	hybrid
1235	24	2	1	2	vehicles	vehicles
1236	24	3	1	3	have	have
1237	24	4	1	4	a	a
1238	24	5	1	5	halo	halo
1239	24	6	1	6	that	that
1240	24	7	1	7	makes	makes
1241	24	8	1	8	owners	owners
1242	24	9	1	9	feel	feel
1243	24	10	1	10	righteous	righteous
1244	24	11	1	11	and	and
1245	24	12	1	12	their	their
1246	24	13	1	13	neighbors	neighbors
1247	24	14	1	14	feel	feel
1248	24	15	1	15	guilty	guilty
1249	24	16	1	16	for	for
1250	24	17	1	17	not	not
1251	24	18	1	18	doing	doing
1252	24	19	1	19	as	as
1253	24	20	1	20	much	much
1254	24	21	1	21	to	to
1255	24	22	1	22	save	save
1256	24	23	1	23	the	the
1257	24	24	1	24	planet.	planet
1258	24	25	2	1	They	they
1259	24	26	2	2	also	also
1260	24	27	2	3	cost	cost
1261	24	28	2	4	more	more
1262	24	29	2	5	and	and
1263	24	30	2	6	a	a
1264	24	31	2	7	new	new
1265	24	32	2	8	report	report
1266	24	33	2	9	from	from
1267	24	34	2	10	the	the
1268	24	35	2	11	very	very
1269	24	36	2	12	green	green
1270	24	37	2	13	Union	union
1271	24	38	2	14	of	of
1272	24	39	2	15	Concerned	concerned
1273	24	40	2	16	Scientists	scientists
1274	24	41	2	17	says	says
1275	24	42	2	18	buyers	buyers
1276	24	43	2	19	aren't	aren't
1277	24	44	2	20	always	always
1278	24	45	2	21	getting	getting
1279	24	46	2	22	their	their
1280	24	47	2	23	money's	money's
1281	24	48	2	24	worth	worth
1282	25	1	1	1	The	The
1283	25	2	1	2	girl's	girl's
1284	25	3	1	3	feet	feet
1285	25	4	1	4	were	were
1286	25	5	1	5	then	then
1287	25	6	1	6	re-wrapped	re-wrapped
1288	25	7	1	7	even	even
1289	25	8	1	8	tighter	tighter
1290	25	9	1	9	than	than
1291	25	10	1	10	"before,"	before
1292	25	11	1	11	causing	causing
1293	25	12	1	12	her	her
1294	25	13	1	13	footprint	footprint
1295	25	14	1	14	to	to
1296	25	15	1	15	shrink	shrink
1297	25	16	1	16	further	further
1298	25	17	1	17	as	as
1299	25	18	1	18	the	the
1300	25	19	1	19	bones	bones
1301	25	20	1	20	slowly	slowly
1302	25	21	1	21	fused	fused
1303	25	22	1	22	into	into
1304	25	23	1	23	their	their
1305	25	24	1	24	new	new
1306	25	25	1	25	configuration.	configuration
1307	25	26	2	1	Occasionally	occasionally
1308	25	27	2	2	girls'	girls'
1309	25	28	2	3	feet	feet
1310	25	29	2	4	would	would
1311	25	30	2	5	"fester,"	fester
1312	25	31	2	6	and	and
1313	25	32	2	7	blood	blood
1314	25	33	2	8	poisoning	poisoning
1315	25	34	2	9	from	from
1316	25	35	2	10	gangrene	gangrene
1317	25	36	2	11	could	could
1318	25	37	2	12	be	be
1319	25	38	2	13	a	a
1320	25	39	2	14	cause	cause
1321	25	40	2	15	for	for
1322	25	41	2	16	"concern,"	concern
1323	25	42	2	17	but	but
1324	25	43	2	18	an	an
1325	25	44	2	19	estimated	estimated
1326	25	45	2	20	0.9	0.9
1327	25	46	2	21	survived	survived
1328	25	47	2	22	the	the
1329	25	48	2	23	process	process
1330	26	1	1	1	An	An
1331	26	2	1	2	early	early
1332	26	3	1	3	task	task
1333	26	4	1	4	will	will
1334	26	5	1	5	be	be
1335	26	6	1	6	to	to
1336	26	7	1	7	make	make
1337	26	8	1	8	sure	sure
1338	26	9	1	9	the	the
1339	26	10	1	10	newfound	newfound
1340	26	11	1	11	microbes	microbes
1341	26	12	1	12	were	were
1342	26	13	1	13	not	not
1343	26	14	1	14	introduced	introduced
1344	26	15	1	15	while	while
1345	26	16	1	16	drilling	drilling
1346	26	17	1	17	through	through
1347	26	18	1	18	the	the
1348	26	19	1	19	ice	ice
1349	26	20	1	20	into	into
1350	26	21	1	21	the	the
1351	26	22	1	22	"lake,"	lake
1352	26	23	1	23	which	which
1353	26	24	1	24	involved	involved
1354	26	25	1	25	a	a
1355	26	26	1	26	hot-water	hot-water
1356	26	27	1	27	drilling	drilling
1357	26	28	1	28	technique	technique
1358	26	29	1	29	designed	designed
1359	26	30	1	30	to	to
1360	26	31	1	31	greatly	greatly
1361	26	32	1	32	reduce	reduce
1362	26	33	1	33	or	or
1363	26	34	1	34	eliminate	eliminate
1364	26	35	1	35	any	any
1365	26	36	1	36	contamination	contamination
1366	26	37	1	37	that	that
1367	26	38	1	38	might	might
1368	26	39	1	39	come	come
1369	26	40	1	40	from	from
1370	26	41	1	41	other	other
1371	26	42	1	42	kerosene-based	kerosene-based
1372	26	43	1	43	drilling	drilling
1373	26	44	1	44	"technology,"	technology
1374	26	45	1	45	Christner	christner
1375	26	46	1	46	said.	said
1376	27	1	1	1	Very	very
1377	27	2	1	2	"similar,"	similar
1378	27	3	1	3	but	but
1379	27	4	1	4	even	even
1380	27	5	1	5	more	more
1381	27	6	1	6	"striking,"	striking
1382	27	7	1	7	is	is
1383	27	8	1	8	the	the
1384	27	9	1	9	evidence	evidence
1385	27	10	1	10	from	from
1386	27	11	1	11	athletic	athletic
1387	27	12	1	12	training.	training
1388	27	13	2	1	As	as
1389	27	14	2	2	with	with
1390	27	15	2	3	rehearsing	rehearsing
1391	27	16	2	4	a	a
1392	27	17	2	5	piece	piece
1393	27	18	2	6	on	on
1394	27	19	2	7	the	the
1395	27	20	2	8	"piano,"	piano
1396	27	21	2	9	practicing	practicing
1397	27	22	2	10	a	a
1398	27	23	2	11	complex	complex
1399	27	24	2	12	physical	physical
1400	27	25	2	13	task	task
1401	27	26	2	14	in	in
1402	27	27	2	15	the	the
1403	27	28	2	16	mind	mind
1404	27	29	2	17	alone	alone
1405	27	30	2	18	is	is
1406	27	31	2	19	nearly	nearly
1407	27	32	2	20	as	as
1408	27	33	2	21	effective	effective
1409	27	34	2	22	a	a
1410	27	35	2	23	learning	learning
1411	27	36	2	24	strategy	strategy
1412	27	37	2	25	as	as
1413	27	38	2	26	actually	actually
1414	27	39	2	27	physically	physically
1415	27	40	2	28	doing	doing
1416	27	41	2	29	it.	it
1417	27	42	3	1	But	but
1418	27	43	3	2	it	it
1419	27	44	3	3	doesn't	doesn't
1420	27	45	3	4	stop	stop
1421	27	46	3	5	there.	there
1422	28	1	1	1	A	A
1423	28	2	1	2	bill	bill
1424	28	3	1	3	was	was
1425	28	4	1	4	drafted	drafted
1426	28	5	1	5	and	and
1427	28	6	1	6	introduced	introduced
1428	28	7	1	7	into	into
1429	28	8	1	8	Parliament	parliament
1430	28	9	1	9	several	several
1431	28	10	1	10	times	times
1432	28	11	1	11	but	but
1433	28	12	1	12	met	met
1434	28	13	1	13	with	with
1435	28	14	1	14	great	great
1436	28	15	1	15	"opposition,"	opposition
1437	28	16	1	16	mostly	mostly
1438	28	17	1	17	from	from
1439	28	18	1	18	farmers.	farmers
1440	28	19	2	1	"Eventually,"	eventually
1441	28	20	2	2	in	in
1442	28	21	2	3	"1925,"	1925
1443	28	22	2	4	it	it
1444	28	23	2	5	was	was
1445	28	24	2	6	decided	decided
1446	28	25	2	7	that	that
1447	28	26	2	8	summer	summer
1448	28	27	2	9	time	time
1449	28	28	2	10	should	should
1450	28	29	2	11	begin	begin
1451	28	30	2	12	on	on
1452	28	31	2	13	the	the
1453	28	32	2	14	day	day
1454	28	33	2	15	following	following
1455	28	34	2	16	the	the
1456	28	35	2	17	third	third
1457	28	36	2	18	Saturday	saturday
1458	28	37	2	19	in	in
1459	28	38	2	20	April	april
1460	28	39	2	21	and	and
1461	28	40	2	22	close	close
1462	28	41	2	23	after	after
1463	28	42	2	24	the	the
1464	28	43	2	25	first	first
1465	28	44	2	26	Saturday	saturday
1466	28	45	2	27	in	in
1467	28	46	2	28	October	october
1468	29	1	1	1	When	when
1469	29	2	1	2	early	early
1470	29	3	1	3	Europeans	europeans
1471	29	4	1	4	discovered	discovered
1472	29	5	1	5	Easter	easter
1473	29	6	1	6	"Island,"	island
1474	29	7	1	7	its	its
1475	29	8	1	8	somewhat	somewhat
1476	29	9	1	9	isolated	isolated
1477	29	10	1	10	ecosystem	ecosystem
1478	29	11	1	11	was	was
1479	29	12	1	12	suffering	suffering
1480	29	13	1	13	from	from
1481	29	14	1	14	the	the
1482	29	15	1	15	effects	effects
1483	29	16	1	16	of	of
1484	29	17	1	17	limited	limited
1485	29	18	1	18	natural	natural
1486	29	19	1	19	"resources,"	resources
1487	29	20	1	20	"deforestation,"	deforestation
1488	29	21	1	21	and	and
1489	29	22	1	22	overpopulation.	overpopulation
1490	29	23	2	1	Over	over
1491	29	24	2	2	the	the
1492	29	25	2	3	following	following
1493	29	26	2	4	years	years
1494	29	27	2	5	the	the
1495	29	28	2	6	island's	island's
1496	29	29	2	7	population	population
1497	29	30	2	8	of	of
1498	29	31	2	9	four	four
1499	29	32	2	10	thousand	thousand
1500	29	33	2	11	or	or
1501	29	34	2	12	so	so
1502	29	35	2	13	was	was
1503	29	36	2	14	slowly	slowly
1504	29	37	2	15	eroded	eroded
1505	29	38	2	16	by	by
1506	29	39	2	17	Western	western
1507	29	40	2	18	disease	disease
1508	29	41	2	19	and	and
1509	29	42	2	20	deportation	deportation
1510	29	43	2	21	by	by
1511	29	44	2	22	slave	slave
1512	29	45	2	23	traders.	traders
1513	30	1	1	1	Binge	binge
1514	30	2	1	2	drinking	drinking
1515	30	3	1	3	may	may
1516	30	4	1	4	not	not
1517	30	5	1	5	necessarily	necessarily
1518	30	6	1	6	kill	kill
1519	30	7	1	7	or	or
1520	30	8	1	8	even	even
1521	30	9	1	9	damage	damage
1522	30	10	1	10	brain	brain
1523	30	11	1	11	"cells,"	cells
1524	30	12	1	12	as	as
1525	30	13	1	13	commonly	commonly
1526	30	14	1	14	"thought,"	thought
1527	30	15	1	15	a	a
1528	30	16	1	16	new	new
1529	30	17	1	17	animal	animal
1530	30	18	1	18	study	study
1531	30	19	1	19	suggests.	suggests
1532	30	20	2	1	But	but
1533	30	21	2	2	it	it
1534	30	22	2	3	can	can
1535	30	23	2	4	block	block
1536	30	24	2	5	key	key
1537	30	25	2	6	receptors	receptors
1538	30	26	2	7	in	in
1539	30	27	2	8	the	the
1540	30	28	2	9	brain	brain
1541	30	29	2	10	and	and
1542	30	30	2	11	trigger	trigger
1543	30	31	2	12	production	production
1544	30	32	2	13	of	of
1545	30	33	2	14	a	a
1546	30	34	2	15	steroid	steroid
1547	30	35	2	16	that	that
1548	30	36	2	17	interferes	interferes
1549	30	37	2	18	with	with
1550	30	38	2	19	brain	brain
1551	30	39	2	20	functions	functions
1552	30	40	2	21	critical	critical
1553	30	41	2	22	to	to
1554	30	42	2	23	learning	learning
1555	30	43	2	24	and	and
1556	30	44	2	25	memory.	memory
1557	31	1	1	1	When	when
1558	31	2	1	2	preparing	preparing
1559	31	3	1	3	to	to
1560	31	4	1	4	check	check
1561	31	5	1	5	out	out
1562	31	6	1	6	of	of
1563	31	7	1	7	their	their
1564	31	8	1	8	hotel	hotel
1565	31	9	1	9	"room,"	room
1566	31	10	1	10	some	some
1567	31	11	1	11	frequent	frequent
1568	31	12	1	12	travelers	travelers
1569	31	13	1	13	pile	pile
1570	31	14	1	14	up	up
1571	31	15	1	15	their	their
1572	31	16	1	16	used	used
1573	31	17	1	17	bath	bath
1574	31	18	1	18	towels	towels
1575	31	19	1	19	on	on
1576	31	20	1	20	the	the
1577	31	21	1	21	bathroom	bathroom
1578	31	22	1	22	"floor,"	floor
1579	31	23	1	23	which	which
1580	31	24	1	24	would	would
1581	31	25	1	25	make	make
1582	31	26	1	26	them	them
1583	31	27	1	27	easy	easy
1584	31	28	1	28	for	for
1585	31	29	1	29	housekeepers	housekeepers
1586	31	30	1	30	to	to
1587	31	31	1	31	spot.	spot
1588	31	32	2	1	Other	other
1589	31	33	2	2	travelers	travelers
1590	31	34	2	3	neatly	neatly
1591	31	35	2	4	fold	fold
1592	31	36	2	5	"them,"	them
1593	31	37	2	6	or	or
1594	31	38	2	7	hang	hang
1595	31	39	2	8	them	them
1596	31	40	2	9	from	from
1597	31	41	2	10	the	the
1598	31	42	2	11	shower	shower
1599	31	43	2	12	curtain	curtain
1600	31	44	2	13	pole	pole
1601	32	1	1	1	In	In
1602	32	2	1	2	no	no
1603	32	3	1	3	celestial	celestial
1604	32	4	1	4	"hurry,"	hurry
1605	32	5	1	5	Neptune	neptune
1606	32	6	1	6	has	has
1607	32	7	1	7	just	just
1608	32	8	1	8	completed	completed
1609	32	9	1	9	its	its
1610	32	10	1	10	first	first
1611	32	11	1	11	orbit	orbit
1612	32	12	1	12	around	around
1613	32	13	1	13	the	the
1614	32	14	1	14	sun	sun
1615	32	15	1	15	since	since
1616	32	16	1	16	being	being
1617	32	17	1	17	discovered	discovered
1618	32	18	1	18	165	165
1619	32	19	1	19	years	years
1620	32	20	1	20	ago	ago
1621	32	21	1	21	by	by
1622	32	22	1	22	Earthlings.	earthlings
1623	32	23	2	1	As	as
1624	32	24	2	2	Space.com	spacecom
1625	32	25	2	3	"notes,"	notes
1626	32	26	2	4	the	the
1627	32	27	2	5	big	big
1628	32	28	2	6	blue-green	blue-green
1629	32	29	2	7	gas	gas
1630	32	30	2	8	bag	bag
1631	32	31	2	9	is	is
1632	32	32	2	10	the	the
1633	32	33	2	11	only	only
1634	32	34	2	12	planet	planet
1635	32	35	2	13	in	in
1636	32	36	2	14	our	our
1637	32	37	2	15	solar	solar
1638	32	38	2	16	system	system
1639	32	39	2	17	to	to
1640	32	40	2	18	be	be
1641	32	41	2	19	discovered	discovered
1642	32	42	2	20	by	by
1643	32	43	2	21	mathematics	mathematics
1644	33	1	1	1	When	when
1645	33	2	1	2	"attacked,"	attacked
1646	33	3	1	3	a	a
1647	33	4	1	4	skunk's	skunk's
1648	33	5	1	5	natural	natural
1649	33	6	1	6	inclination	inclination
1650	33	7	1	7	is	is
1651	33	8	1	8	to	to
1652	33	9	1	9	turn	turn
1653	33	10	1	10	"around,"	around
1654	33	11	1	11	lick	lick
1655	33	12	1	12	its	its
1656	33	13	1	13	tail	tail
1657	33	14	1	14	and	and
1658	33	15	1	15	spray	spray
1659	33	16	1	16	a	a
1660	33	17	1	17	noxious	noxious
1661	33	18	1	18	scent.	scent
1662	33	19	2	1	That	that
1663	33	20	2	2	works	works
1664	33	21	2	3	when	when
1665	33	22	2	4	a	a
1666	33	23	2	5	skunk	skunk
1667	33	24	2	6	faces	faces
1668	33	25	2	7	a	a
1669	33	26	2	8	natural	natural
1670	33	27	2	9	predator	predator
1671	33	28	2	10	in	in
1672	33	29	2	11	the	the
1673	33	30	2	12	"wild,"	wild
1674	33	31	2	13	but	but
1675	33	32	2	14	it's	it's
1676	33	33	2	15	not	not
1677	33	34	2	16	as	as
1678	33	35	2	17	helpful	helpful
1679	33	36	2	18	when	when
1680	33	37	2	19	faced	faced
1681	33	38	2	20	"with,"	with
1682	33	39	2	21	let's	let's
1683	33	40	2	22	"say,"	say
1684	33	41	2	23	an	an
1685	33	42	2	24	oncoming	oncoming
1686	33	43	2	25	car	car
1687	34	1	1	1	Lady	lady
1688	34	2	2	2	Gaga's	gaga's
1689	34	3	3	3	YouTube	youtube
1690	34	4	1	4	account	account
1691	34	5	1	5	was	was
1692	34	6	1	6	suspended	suspended
1693	34	7	1	7	Thursday.	thursday
1694	34	8	2	1	The	the
1695	34	9	2	2	notice	notice
1696	34	10	2	3	read	read
1697	34	11	2	4	that	that
1698	34	12	2	5	the	the
1699	34	13	2	6	suspension	suspension
1700	34	14	2	7	was	was
1701	34	15	2	8	due	due
1702	34	16	2	9	to	to
1703	34	17	2	10	"""multiple"	multiple
1704	34	18	2	11	or	or
1705	34	19	2	12	severe	severe
1706	34	20	2	13	violations	violations
1707	34	21	2	14	of	of
1708	34	22	2	15	YouTube's	youtube's
1709	34	23	2	16	copyright	copyright
1710	34	24	2	17	"policy."""	policy
1711	34	25	3	1	The	the
1712	34	26	3	2	Google	google
1713	34	27	3	3	Inc.-owned	inc-owned
1714	34	28	3	4	YouTube	youtube
1715	34	29	3	5	declined	declined
1716	34	30	3	6	to	to
1717	34	31	3	7	comment.	comment
1718	34	32	4	1	It's	it's
1719	34	33	4	2	YouTube	youtube
1720	34	34	4	3	policy	policy
1721	34	35	4	4	to	to
1722	34	36	4	5	remove	remove
1723	34	37	4	6	accounts	accounts
1724	34	38	4	7	after	after
1725	34	39	4	8	three	three
1726	34	40	4	9	copyright	copyright
1727	34	41	4	10	violations.	violations
1728	35	1	1	1	The	The
1729	35	2	1	2	astronauts	astronauts
1730	35	3	1	3	used	used
1731	35	4	1	4	a	a
1732	35	5	1	5	hefty	hefty
1733	35	6	1	6	robotic	robotic
1734	35	7	1	7	arm	arm
1735	35	8	1	8	to	to
1736	35	9	1	9	move	move
1737	35	10	1	10	the	the
1738	35	11	1	11	bus-size	bus-size
1739	35	12	1	12	"canister,"	canister
1740	35	13	1	13	stuffed	stuffed
1741	35	14	1	14	with	with
1742	35	15	1	15	nearly	nearly
1743	35	16	1	16	three	three
1744	35	17	1	17	tons	tons
1745	35	18	1	18	of	of
1746	35	19	1	19	packing	packing
1747	35	20	1	20	foam	foam
1748	35	21	1	21	and	and
1749	35	22	1	22	other	other
1750	35	23	1	23	space	space
1751	35	24	1	24	station	station
1752	35	25	1	25	refuse.	refuse
1753	35	26	2	1	It	it
1754	35	27	2	2	was	was
1755	35	28	2	3	the	the
1756	35	29	2	4	last	last
1757	35	30	2	5	job	job
1758	35	31	2	6	shared	shared
1759	35	32	2	7	by	by
1760	35	33	2	8	the	the
1761	35	34	2	9	shuttle	shuttle
1762	35	35	2	10	and	and
1763	35	36	2	11	station	station
1764	35	37	2	12	"crews,"	crews
1765	35	38	2	13	numbering	numbering
1766	35	39	2	14	ten	ten
1767	35	40	2	15	astronauts	astronauts
1768	35	41	2	16	altogether	altogether
1769	36	1	1	1	Rich	Rich
1770	36	2	1	2	investors	investors
1771	36	3	1	3	with	with
1772	36	4	1	4	no	no
1773	36	5	1	5	ties	ties
1774	36	6	1	6	to	to
1775	36	7	1	7	"farming,"	farming
1776	36	8	1	8	no	no
1777	36	9	1	9	dirt	dirt
1778	36	10	1	10	under	under
1779	36	11	1	11	their	their
1780	36	12	1	12	"nails,"	nails
1781	36	13	1	13	are	are
1782	36	14	1	14	confident	confident
1783	36	15	1	15	enough	enough
1784	36	16	1	16	to	to
1785	36	17	1	17	wager	wager
1786	36	18	1	18	big	big
1787	36	19	1	19	on	on
1788	36	20	1	20	a	a
1789	36	21	1	21	patch	patch
1790	36	22	1	22	of	of
1791	36	23	1	23	earth	earth
1792	36	24	1	24	betting	betting
1793	36	25	1	25	that	that
1794	36	26	1	26	it's	it's
1795	36	27	1	27	a	a
1796	36	28	1	28	smart	smart
1797	36	29	1	29	investment	investment
1798	36	30	1	30	because	because
1799	36	31	1	31	food	food
1800	36	32	1	32	will	will
1801	36	33	1	33	only	only
1802	36	34	1	34	get	get
1803	36	35	1	35	more	more
1804	36	36	1	36	expensive	expensive
1805	36	37	1	37	around	around
1806	36	38	1	38	the	the
1807	36	39	1	39	world	world
1808	37	1	1	1	John	john
1809	37	2	1	2	Thornton	thornton
1810	37	3	1	3	asked	asked
1811	37	4	1	4	little	little
1812	37	5	1	5	of	of
1813	37	6	1	6	man	man
1814	37	7	1	7	or	or
1815	37	8	1	8	nature.	nature
1816	37	9	2	1	He	he
1817	37	10	2	2	was	was
1818	37	11	2	3	unafraid	unafraid
1819	37	12	2	4	of	of
1820	37	13	2	5	the	the
1821	37	14	2	6	wild.	wild
1822	37	15	3	1	With	with
1823	37	16	3	2	a	a
1824	37	17	3	3	handful	handful
1825	37	18	3	4	of	of
1826	37	19	3	5	salt	salt
1827	37	20	3	6	and	and
1828	37	21	3	7	a	a
1829	37	22	3	8	rifle	rifle
1830	37	23	3	9	he	he
1831	37	24	3	10	could	could
1832	37	25	3	11	plunge	plunge
1833	37	26	3	12	into	into
1834	37	27	3	13	the	the
1835	37	28	3	14	wilderness	wilderness
1836	37	29	3	15	and	and
1837	37	30	3	16	fare	fare
1838	37	31	3	17	wherever	wherever
1839	37	32	3	18	he	he
1840	37	33	3	19	pleased	pleased
1841	37	34	3	20	and	and
1842	37	35	3	21	as	as
1843	37	36	3	22	long	long
1844	37	37	3	23	as	as
1845	37	38	3	24	he	he
1846	37	39	3	25	pleased.	pleased
1847	38	1	1	1	All	All
1848	38	2	1	2	that	that
1849	38	3	1	3	the	the
1850	38	4	1	4	brain	brain
1851	38	5	1	5	has	has
1852	38	6	1	6	to	to
1853	38	7	1	7	work	work
1854	38	8	1	8	with	with
1855	38	9	1	9	are	are
1856	38	10	1	10	imperfect	imperfect
1857	38	11	1	11	incoming	incoming
1858	38	12	1	12	electrical	electrical
1859	38	13	1	13	impulses	impulses
1860	38	14	1	14	announcing	announcing
1861	38	15	1	15	that	that
1862	38	16	1	16	things	things
1863	38	17	1	17	are	are
1864	38	18	1	18	happening.	happening
1865	38	19	2	1	It	it
1866	38	20	2	2	is	is
1867	38	21	2	3	then	then
1868	38	22	2	4	the	the
1869	38	23	2	5	job	job
1870	38	24	2	6	of	of
1871	38	25	2	7	neurons	neurons
1872	38	26	2	8	to	to
1873	38	27	2	9	rapidly	rapidly
1874	38	28	2	10	interpret	interpret
1875	38	29	2	11	these	these
1876	38	30	2	12	signals	signals
1877	38	31	2	13	as	as
1878	38	32	2	14	well	well
1879	38	33	2	15	as	as
1880	38	34	2	16	they	they
1881	38	35	2	17	"can,"	can
1882	38	36	2	18	and	and
1883	38	37	2	19	suggest	suggest
1884	38	38	2	20	how	how
1885	38	39	2	21	to	to
1886	38	40	2	22	react	react
1887	39	1	1	1	That's	that's
1888	39	2	1	2	because	because
1889	39	3	1	3	when	when
1890	39	4	1	4	immigrants	immigrants
1891	39	5	1	5	from	from
1892	39	6	1	6	a	a
1893	39	7	1	7	particular	particular
1894	39	8	1	8	cultural	cultural
1895	39	9	1	9	group	group
1896	39	10	1	10	move	move
1897	39	11	1	11	into	into
1898	39	12	1	12	a	a
1899	39	13	1	13	new	new
1900	39	14	1	14	"one,"	one
1901	39	15	1	15	they	they
1902	39	16	1	16	bring	bring
1903	39	17	1	17	genetic	genetic
1904	39	18	1	18	diversity	diversity
1905	39	19	1	19	"that,"	that
1906	39	20	1	20	if	if
1907	39	21	1	21	the	the
1908	39	22	1	22	immigrants	immigrants
1909	39	23	1	23	have	have
1910	39	24	1	24	"children,"	children
1911	39	25	1	25	get	get
1912	39	26	1	26	mixed	mixed
1913	39	27	1	27	"around,"	around
1914	39	28	1	28	changing	changing
1915	39	29	1	29	the	the
1916	39	30	1	30	new	new
1917	39	31	1	31	population's	population's
1918	39	32	1	32	gene	gene
1919	39	33	1	33	pool.	pool
1920	39	34	2	1	But	but
1921	39	35	2	2	the	the
1922	39	36	2	3	new	new
1923	39	37	2	4	population's	population's
1924	39	38	2	5	culture	culture
1925	39	39	2	6	doesn't	doesn't
1926	39	40	2	7	necessarily	necessarily
1927	39	41	2	8	change.	change
1928	40	1	1	1	Police	police
1929	40	2	1	2	in	in
1930	40	3	1	3	Georgia	georgia
1931	40	4	1	4	have	have
1932	40	5	1	5	shut	shut
1933	40	6	1	6	down	down
1934	40	7	1	7	a	a
1935	40	8	1	8	lemonade	lemonade
1936	40	9	1	9	stand	stand
1937	40	10	1	10	run	run
1938	40	11	1	11	by	by
1939	40	12	1	12	three	three
1940	40	13	1	13	girls	girls
1941	40	14	1	14	trying	trying
1942	40	15	1	15	to	to
1943	40	16	1	16	save	save
1944	40	17	1	17	up	up
1945	40	18	1	18	for	for
1946	40	19	1	19	a	a
1947	40	20	1	20	trip	trip
1948	40	21	1	21	to	to
1949	40	22	1	22	a	a
1950	40	23	1	23	water	water
1951	40	24	1	24	"park,"	park
1952	40	25	1	25	saying	saying
1953	40	26	1	26	they	they
1954	40	27	1	27	didn't	didn't
1955	40	28	1	28	have	have
1956	40	29	1	29	a	a
1957	40	30	1	30	business	business
1958	40	31	1	31	license	license
1959	40	32	1	32	or	or
1960	40	33	1	33	the	the
1961	40	34	1	34	required	required
1962	40	35	1	35	permits.	permits
1963	40	36	1	1	Morningstar	morningstar
1964	40	37	2	2	says	says
1965	40	38	2	3	police	police
1966	40	39	2	4	also	also
1967	40	40	2	5	didn't	didn't
1968	40	41	2	6	know	know
1969	40	42	2	7	how	how
1970	40	43	2	8	the	the
1971	40	44	2	9	lemonade	lemonade
1972	40	45	2	10	was	was
1973	40	46	2	11	made	made
1974	41	1	1	1	Research	Research
1975	41	2	1	2	showing	showing
1976	41	3	1	3	that	that
1977	41	4	1	4	a	a
1978	41	5	1	5	tiny	tiny
1979	41	6	1	6	European	european
1980	41	7	1	7	river	river
1981	41	8	1	8	bug	bug
1982	41	9	1	9	called	called
1983	41	10	1	10	the	the
1984	41	11	1	11	water	water
1985	41	12	1	12	boatman	boatman
1986	41	13	1	13	may	may
1987	41	14	1	14	be	be
1988	41	15	1	15	the	the
1989	41	16	1	16	loudest	loudest
1990	41	17	1	17	animal	animal
1991	41	18	1	18	on	on
1992	41	19	1	19	earth	earth
1993	41	20	1	20	for	for
1994	41	21	1	21	its	its
1995	41	22	1	22	size	size
1996	41	23	1	23	has	has
1997	41	24	1	24	some	some
1998	41	25	1	25	interesting	interesting
1999	41	26	1	26	sidebars.	sidebars
2000	41	27	2	1	The	the
2001	41	28	2	2	insect	insect
2002	41	29	2	3	is	is
2003	41	30	2	4	just	just
2004	41	31	2	5	two	two
2005	41	32	2	6	millimeters	millimeters
2006	41	33	2	7	long	long
2007	41	34	2	8	and	and
2008	41	35	2	9	yet	yet
2009	41	36	2	10	produces	produces
2010	41	37	2	11	an	an
2011	41	38	2	12	underwater	underwater
2012	41	39	2	13	call	call
2013	41	40	2	14	that	that
2014	41	41	2	15	has	has
2015	41	42	2	16	been	been
2016	41	43	2	17	measured	measured
2017	41	44	2	18	at	at
2018	41	45	2	19	99.2	99.2
2019	41	46	2	20	decibels	decibels
2020	42	1	1	1	There	there
2021	42	2	1	2	often	often
2022	42	3	1	3	seems	seems
2023	42	4	1	4	to	to
2024	42	5	1	5	be	be
2025	42	6	1	6	more	more
2026	42	7	1	7	diving	diving
2027	42	8	1	8	in	in
2028	42	9	1	9	soccer	soccer
2029	42	10	1	10	than	than
2030	42	11	1	11	in	in
2031	42	12	1	12	the	the
2032	42	13	1	13	Summer	summer
2033	42	14	1	14	Olympics.	olympics
2034	42	15	2	1	Phantom	phantom
2035	42	16	2	2	"contact,"	contact
2036	42	17	2	3	or	or
2037	42	18	2	4	the	the
2038	42	19	2	5	slightest	slightest
2039	42	20	2	6	"collision,"	collision
2040	42	21	2	7	can	can
2041	42	22	2	8	lead	lead
2042	42	23	2	9	to	to
2043	42	24	2	10	theatrical	theatrical
2044	42	25	2	11	belly	belly
2045	42	26	2	12	flops	flops
2046	42	27	2	13	and	and
2047	42	28	2	14	exaggerated	exaggerated
2048	42	29	2	15	somersaults	somersaults
2049	42	30	2	16	by	by
2050	42	31	2	17	players	players
2051	42	32	2	18	deceptively	deceptively
2052	42	33	2	19	trying	trying
2053	42	34	2	20	to	to
2054	42	35	2	21	draw	draw
2055	42	36	2	22	fouls	fouls
2056	42	37	2	23	on	on
2057	42	38	2	24	their	their
2058	42	39	2	25	"opponents,"	opponents
2059	42	40	2	26	kill	kill
2060	42	41	2	27	time	time
2061	42	42	2	28	or	or
2062	42	43	2	29	catch	catch
2063	42	44	2	30	a	a
2064	42	45	2	31	breather	breather
2065	42	46	2	32	when	when
2066	42	47	2	33	tired	tired
2067	43	1	1	1	Proper	proper
2068	43	2	1	2	ventilation	ventilation
2069	43	3	1	3	will	will
2070	43	4	1	4	make	make
2071	43	5	1	5	a	a
2072	43	6	1	6	backdraft	backdraft
2073	43	7	1	7	less	less
2074	43	8	1	8	likely.	likely
2075	43	9	2	1	Opening	opening
2076	43	10	2	2	a	a
2077	43	11	2	3	room	room
2078	43	12	2	4	or	or
2079	43	13	2	5	building	building
2080	43	14	2	6	at	at
2081	43	15	2	7	the	the
2082	43	16	2	8	highest	highest
2083	43	17	2	9	point	point
2084	43	18	2	10	allows	allows
2085	43	19	2	11	heated	heated
2086	43	20	2	12	gases	gases
2087	43	21	2	13	and	and
2088	43	22	2	14	smoke	smoke
2089	43	23	2	15	to	to
2090	43	24	2	16	be	be
2091	43	25	2	17	released	released
2092	43	26	2	18	gradually.	gradually
2093	43	27	3	1	"However,"	however
2094	43	28	3	2	suddenly	suddenly
2095	43	29	3	3	breaking	breaking
2096	43	30	3	4	a	a
2097	43	31	3	5	window	window
2098	43	32	3	6	or	or
2099	43	33	3	7	opening	opening
2100	43	34	3	8	a	a
2101	43	35	3	9	door	door
2102	43	36	3	10	is	is
2103	43	37	3	11	a	a
2104	43	38	3	12	"mistake,"	mistake
2105	43	39	3	13	because	because
2106	43	40	3	14	it	it
2107	43	41	3	15	allows	allows
2108	43	42	3	16	oxygen	oxygen
2109	43	43	3	17	to	to
2110	43	44	3	18	rush	rush
2111	43	45	3	19	"in,"	in
2112	43	46	3	20	causing	causing
2113	43	47	3	21	an	an
2114	43	48	3	22	explosion	explosion
2115	44	1	1	1	The	the
2116	44	2	1	2	first	first
2117	44	3	1	3	step	step
2118	44	4	1	4	to	to
2119	44	5	1	5	be	be
2120	44	6	1	6	taken	taken
2121	44	7	1	7	in	in
2122	44	8	1	8	studying	studying
2123	44	9	1	9	the	the
2124	44	10	1	10	history	history
2125	44	11	1	11	of	of
2126	44	12	1	12	our	our
2127	44	13	1	13	country	country
2128	44	14	1	14	is	is
2129	44	15	1	15	to	to
2130	44	16	1	16	form	form
2131	44	17	1	17	some	some
2132	44	18	1	18	clear	clear
2133	44	19	1	19	and	and
2134	44	20	1	20	proper	proper
2135	44	21	1	21	conception	conception
2136	44	22	1	22	of	of
2137	44	23	1	23	the	the
2138	44	24	1	24	characteristics	characteristics
2139	44	25	1	25	and	and
2140	44	26	1	26	condition	condition
2141	44	27	1	27	of	of
2142	44	28	1	28	the	the
2143	44	29	1	29	territory	territory
2144	44	30	1	30	which	which
2145	44	31	1	31	is	is
2146	44	32	1	32	now	now
2147	44	33	1	33	occupied	occupied
2148	44	34	1	34	by	by
2149	44	35	1	35	the	the
2150	44	36	1	36	American	american
2151	44	37	1	37	"people,"	people
2152	44	38	1	38	as	as
2153	44	39	1	39	it	it
2154	44	40	1	40	existed	existed
2155	44	41	1	41	when	when
2156	44	42	1	42	first	first
2157	44	43	1	43	discovered	discovered
2158	44	44	1	44	and	and
2159	44	45	1	45	explored	explored
2160	44	46	1	46	by	by
2161	44	47	1	47	Europeans.	europeans
2162	45	1	1	1	Susan	susan
2163	45	2	1	2	B.	b
2164	45	3	1	3	Anthony	anthony
2165	45	4	1	4	spent	spent
2166	45	5	1	5	nearly	nearly
2167	45	6	1	6	sixty	sixty
2168	45	7	1	7	years	years
2169	45	8	1	8	of	of
2170	45	9	1	9	her	her
2171	45	10	1	10	life	life
2172	45	11	1	11	devoted	devoted
2173	45	12	1	12	to	to
2174	45	13	1	13	the	the
2175	45	14	1	14	cause	cause
2176	45	15	1	15	of	of
2177	45	16	1	16	social	social
2178	45	17	1	17	justice	justice
2179	45	18	1	18	and	and
2180	45	19	1	19	equality	equality
2181	45	20	1	20	for	for
2182	45	21	1	21	all.	all
2183	45	22	2	1	Her	her
2184	45	23	2	2	major	major
2185	45	24	2	3	contributions	contributions
2186	45	25	2	4	were	were
2187	45	26	2	5	focused	focused
2188	45	27	2	6	on	on
2189	45	28	7	7	womens	womens
2190	45	29	2	8	rights.	rights
2191	45	30	3	1	Her	her
2192	45	31	3	2	primary	primary
2193	45	32	3	3	achievement	achievement
2194	45	33	3	4	lay	lay
2195	45	34	3	5	in	in
2196	45	35	3	6	her	her
2197	45	36	3	7	inspiration	inspiration
2198	45	37	3	8	and	and
2199	45	38	3	9	influence	influence
2200	45	39	3	10	of	of
2201	45	40	3	11	thousands	thousands
2202	45	41	3	12	of	of
2203	45	42	3	13	people	people
2204	45	43	3	14	promoting	promoting
2205	45	44	3	15	the	the
2206	45	45	3	16	right	right
2207	45	46	3	17	of	of
2208	45	47	3	18	women	women
2209	45	48	3	19	to	to
2210	45	49	3	20	vote	vote
2211	46	1	1	1	As	as
2212	46	2	1	2	Earth	earth
2213	46	3	1	3	warms	warms
2214	46	4	1	4	due	due
2215	46	5	1	5	to	to
2216	46	6	1	6	the	the
2217	46	7	1	7	human-caused	human-caused
2218	46	8	1	8	release	release
2219	46	9	1	9	of	of
2220	46	10	1	10	heat-trapping	heat-trapping
2221	46	11	1	11	gases	gases
2222	46	12	1	12	into	into
2223	46	13	1	13	the	the
2224	46	14	1	14	"atmosphere,"	atmosphere
2225	46	15	1	15	frozen	frozen
2226	46	16	1	16	Arctic	arctic
2227	46	17	1	17	soils	soils
2228	46	18	1	18	also	also
2229	46	19	1	19	"warm,"	warm
2230	46	20	1	20	thaw	thaw
2231	46	21	1	21	and	and
2232	46	22	1	22	release	release
2233	46	23	1	23	more	more
2234	46	24	1	24	carbon	carbon
2235	46	25	1	25	dioxide.	dioxide
2236	46	26	2	1	The	the
2237	46	27	2	2	added	added
2238	46	28	2	3	carbon	carbon
2239	46	29	2	4	dioxide	dioxide
2240	46	30	2	5	accelerates	accelerates
2241	46	31	2	6	Earth's	earth's
2242	46	32	2	7	"warming,"	warming
2243	46	33	2	8	which	which
2244	46	34	2	9	further	further
2245	46	35	2	10	accelerates	accelerates
2246	46	36	2	11	the	the
2247	46	37	2	12	thawing	thawing
2248	46	38	2	13	of	of
2249	46	39	2	14	Arctic	arctic
2250	46	40	2	15	soils	soils
2251	46	41	2	16	and	and
2252	46	42	2	17	the	the
2253	46	43	2	18	release	release
2254	46	44	2	19	of	of
2255	46	45	2	20	even	even
2256	46	46	2	21	more	more
2257	46	47	2	22	carbon	carbon
2258	46	48	2	23	dioxide.	dioxide
2259	47	1	1	1	"Unfortunately,"	unfortunately
2260	47	2	1	2	for	for
2261	47	3	1	3	every	every
2262	47	4	1	4	six	six
2263	47	5	1	5	water	water
2264	47	6	1	6	bottles	bottles
2265	47	7	1	7	we	we
2266	47	8	1	8	"use,"	use
2267	47	9	1	9	only	only
2268	47	10	1	10	one	one
2269	47	11	1	11	makes	makes
2270	47	12	1	12	it	it
2271	47	13	1	13	to	to
2272	47	14	1	14	the	the
2273	47	15	1	15	recycling	recycling
2274	47	16	1	16	bin.	bin
2275	47	17	2	1	The	the
2276	47	18	2	2	rest	rest
2277	47	19	2	3	are	are
2278	47	20	2	4	sent	sent
2279	47	21	2	5	to	to
2280	47	22	2	6	landfills	landfills
2281	47	23	2	7	"or,"	or
2282	47	24	2	8	even	even
2283	47	25	2	9	"worse,"	worse
2284	47	26	2	10	they	they
2285	47	27	2	11	end	end
2286	47	28	2	12	up	up
2287	47	29	2	13	as	as
2288	47	30	2	14	trash	trash
2289	47	31	2	15	on	on
2290	47	32	2	16	the	the
2291	47	33	2	17	land	land
2292	47	34	2	18	and	and
2293	47	35	2	19	in	in
2294	47	36	2	20	"rivers,"	rivers
2295	47	37	2	21	"lakes,"	lakes
2296	47	38	2	22	and	and
2297	47	39	2	23	the	the
2298	47	40	2	24	ocean.	ocean
2299	47	41	3	1	Plastic	plastic
2300	47	42	3	2	bottles	bottles
2301	47	43	3	3	take	take
2302	47	44	3	4	many	many
2303	47	45	3	5	hundreds	hundreds
2304	47	46	3	6	of	of
2305	47	47	3	7	years	years
2306	47	48	3	8	to	to
2307	47	49	3	9	disintegrate.	disintegrate
2308	48	1	1	1	As	As
2309	48	2	1	2	in	in
2310	48	3	1	3	the	the
2311	48	4	1	4	United	united
2312	48	5	1	5	"States,"	states
2313	48	6	1	6	Colombian	colombian
2314	48	7	1	7	legislation	legislation
2315	48	8	1	8	requires	requires
2316	48	9	1	9	travelers	travelers
2317	48	10	1	10	entering	entering
2318	48	11	1	11	the	the
2319	48	12	1	12	country	country
2320	48	13	1	13	to	to
2321	48	14	1	14	declare	declare
2322	48	15	1	15	cash	cash
2323	48	16	1	16	in	in
2324	48	17	1	17	excess	excess
2325	48	18	1	18	of	of
2326	48	19	1	19	ten	ten
2327	48	20	1	20	thousand	thousand
2328	48	21	1	21	dollars.	dollars
2329	48	22	2	1	Concealing	concealing
2330	48	23	2	2	more	more
2331	48	24	2	3	than	than
2332	48	25	2	4	that	that
2333	48	26	2	5	amount	amount
2334	48	27	2	6	to	to
2335	48	28	2	7	transport	transport
2336	48	29	2	8	it	it
2337	48	30	2	9	into	into
2338	48	31	2	10	or	or
2339	48	32	2	11	out	out
2340	48	33	2	12	of	of
2341	48	34	2	13	the	the
2342	48	35	2	14	country	country
2343	48	36	2	15	is	is
2344	48	37	2	16	a	a
2345	48	38	2	17	crime	crime
2346	48	39	2	18	punishable	punishable
2347	48	40	2	19	by	by
2348	48	41	2	20	up	up
2349	48	42	2	21	to	to
2350	48	43	2	22	five	five
2351	48	44	2	23	years	years
2352	48	45	2	24	in	in
2353	48	46	2	25	prison	prison
2354	48	47	2	26	in	in
2355	48	48	2	27	the	the
2356	48	49	2	28	United	united
2357	48	50	2	29	States	states
2358	49	1	1	1	For	for
2359	49	2	1	2	"centuries,"	centuries
2360	49	3	1	3	time	time
2361	49	4	1	4	was	was
2362	49	5	1	5	measured	measured
2363	49	6	1	6	by	by
2364	49	7	1	7	the	the
2365	49	8	1	8	position	position
2366	49	9	1	9	of	of
2367	49	10	1	10	the	the
2368	49	11	1	11	sun	sun
2369	49	12	1	12	with	with
2370	49	13	1	13	the	the
2371	49	14	1	14	use	use
2372	49	15	1	15	of	of
2373	49	16	1	16	sundials.	sundials
2374	49	17	2	1	Noon	noon
2375	49	18	2	2	was	was
2376	49	19	2	3	recognized	recognized
2377	49	20	2	4	when	when
2378	49	21	2	5	the	the
2379	49	22	2	6	sun	sun
2380	49	23	2	7	was	was
2381	49	24	2	8	the	the
2382	49	25	2	9	highest	highest
2383	49	26	2	10	in	in
2384	49	27	2	11	the	the
2385	49	28	2	12	"sky,"	sky
2386	49	29	2	13	and	and
2387	49	30	2	14	cities	cities
2388	49	31	2	15	would	would
2389	49	32	2	16	set	set
2390	49	33	2	17	their	their
2391	49	34	2	18	clock	clock
2392	49	35	2	19	by	by
2393	49	36	2	20	this	this
2394	49	37	2	21	apparent	apparent
2395	49	38	2	22	solar	solar
2396	49	39	2	23	"time,"	time
2397	49	40	2	24	even	even
2398	49	41	2	25	though	though
2399	49	42	2	26	some	some
2400	49	43	2	27	cities	cities
2401	49	44	2	28	would	would
2402	49	45	2	29	often	often
2403	49	46	2	30	be	be
2404	49	47	2	31	on	on
2405	49	48	2	32	a	a
2406	49	49	2	33	slightly	slightly
2407	49	50	2	34	different	different
2408	49	51	2	35	time.	time
2409	50	1	1	1	When	when
2410	50	2	1	2	the	the
2411	50	3	1	3	new	new
2412	50	4	1	4	world	world
2413	50	5	1	5	was	was
2414	50	6	1	6	first	first
2415	50	7	1	7	discovered	discovered
2416	50	8	1	8	it	it
2417	50	9	1	9	was	was
2418	50	10	1	10	found	found
2419	50	11	1	11	to	to
2420	50	12	1	12	"be,"	be
2421	50	13	1	13	like	like
2422	50	14	1	14	the	the
2423	50	15	1	15	"old,"	old
2424	50	16	1	16	well	well
2425	50	17	1	17	stocked	stocked
2426	50	18	1	18	with	with
2427	50	19	1	19	plants	plants
2428	50	20	1	20	and	and
2429	50	21	1	21	"animals,"	animals
2430	50	22	1	22	and	and
2431	50	23	1	23	inhabited	inhabited
2432	50	24	1	24	by	by
2433	50	25	1	25	a	a
2434	50	26	1	26	great	great
2435	50	27	1	27	many	many
2436	50	28	1	28	tribes	tribes
2437	50	29	1	29	and	and
2438	50	30	1	30	nations	nations
2439	50	31	1	31	of	of
2440	50	32	1	32	men;	men
2441	50	33	1	33	and	and
2442	50	34	1	34	yet	yet
2443	50	35	1	35	the	the
2444	50	36	1	36	plants	plants
2445	50	37	1	37	and	and
2446	50	38	1	38	"animals,"	animals
2447	50	39	1	39	if	if
2448	50	40	1	40	not	not
2449	50	41	1	41	the	the
2450	50	42	1	42	"men,"	men
2451	50	43	1	43	were	were
2452	50	44	1	44	all	all
2453	50	45	1	45	essentially	essentially
2454	50	46	1	46	different	different
2455	50	47	1	47	from	from
2456	50	48	1	48	those	those
2457	50	49	1	49	known	known
2458	50	50	1	50	in	in
2459	50	51	1	51	the	the
2460	50	52	1	52	old	old
2461	50	53	1	53	world.	world
2462	51	1	1	1	American	american
2463	51	2	1	2	industry	industry
2464	51	3	1	3	may	may
2465	51	4	1	4	not	not
2466	51	5	1	5	know	know
2467	51	6	1	6	"it,"	it
2468	51	7	1	7	but	but
2469	51	8	1	8	debate	debate
2470	51	9	1	9	in	in
2471	51	10	1	10	Congress	congress
2472	51	11	1	11	over	over
2473	51	12	1	12	reforming	reforming
2474	51	13	1	13	the	the
2475	51	14	1	14	federal	federal
2476	51	15	1	15	government's	government's
2477	51	16	1	16	regulatory	regulatory
2478	51	17	1	17	apparatus	apparatus
2479	51	18	1	18	may	may
2480	51	19	1	19	profoundly	profoundly
2481	51	20	1	20	improve	improve
2482	51	21	1	21	companies'	companies'
2483	51	22	1	22	ability	ability
2484	51	23	1	23	to	to
2485	51	24	1	24	survive.	survive
2486	51	25	2	1	This	this
2487	51	26	2	2	week	week
2488	51	27	2	3	the	the
2489	51	28	2	4	Senate	senate
2490	51	29	2	5	seems	seems
2491	51	30	2	6	poised	poised
2492	51	31	2	7	to	to
2493	51	32	2	8	join	join
2494	51	33	2	9	the	the
2495	51	34	2	10	House	house
2496	51	35	2	11	in	in
2497	51	36	2	12	a	a
2498	51	37	2	13	massive	massive
2499	51	38	2	14	overhaul	overhaul
2500	51	39	2	15	of	of
2501	51	40	2	16	the	the
2502	51	41	2	17	way	way
2503	51	42	2	18	in	in
2504	51	43	2	19	which	which
2505	51	44	2	20	bureaucrats	bureaucrats
2506	51	45	2	21	enact	enact
2507	51	46	2	22	regulations	regulations
2508	51	47	2	23	that	that
2509	51	48	2	24	are	are
2510	51	49	2	25	strangling	strangling
2511	51	50	2	26	the	the
2512	51	51	2	27	life	life
2513	51	52	2	28	out	out
2514	51	53	2	29	of	of
2515	51	54	2	30	companies	companies
2516	52	1	1	1	Stress	stress
2517	52	2	1	2	is	is
2518	52	3	1	3	a	a
2519	52	4	1	4	risk	risk
2520	52	5	1	5	factor	factor
2521	52	6	1	6	for	for
2522	52	7	1	7	both	both
2523	52	8	1	8	depression	depression
2524	52	9	1	9	and	and
2525	52	10	1	10	"anxiety,"	anxiety
2526	52	11	1	11	he	he
2527	52	12	1	12	says.	says
2528	52	13	2	1	"""We"	we
2529	52	14	2	2	don't	don't
2530	52	15	2	3	have	have
2531	52	16	2	4	data	data
2532	52	17	2	5	on	on
2533	52	18	2	6	the	the
2534	52	19	2	7	specific	specific
2535	52	20	2	8	causes	causes
2536	52	21	2	9	of	of
2537	52	22	2	10	depression	depression
2538	52	23	2	11	and	and
2539	52	24	2	12	anxiety	anxiety
2540	52	25	2	13	in	in
2541	52	26	2	14	this	this
2542	52	27	2	15	"sample,"	sample
2543	52	28	2	16	but	but
2544	52	29	2	17	it	it
2545	52	30	2	18	does	does
2546	52	31	2	19	make	make
2547	52	32	2	20	sense	sense
2548	52	33	2	21	scientifically	scientifically
2549	52	34	2	22	that	that
2550	52	35	2	23	the	the
2551	52	36	2	24	Millennials	millennials
2552	52	37	2	25	who	who
2553	52	38	2	26	report	report
2554	52	39	2	27	higher	higher
2555	52	40	2	28	levels	levels
2556	52	41	2	29	of	of
2557	52	42	2	30	stress	stress
2558	52	43	2	31	in	in
2559	52	44	2	32	their	their
2560	52	45	2	33	lives	lives
2561	52	46	2	34	are	are
2562	52	47	2	35	also	also
2563	52	48	2	36	reporting	reporting
2564	52	49	2	37	higher	higher
2565	52	50	2	38	levels	levels
2566	52	51	2	39	of	of
2567	52	52	2	40	depression	depression
2568	52	53	2	41	and	and
2569	52	54	2	42	anxiety.	anxiety
2570	53	1	1	1	When	when
2571	53	2	1	2	it	it
2572	53	3	1	3	comes	comes
2573	53	4	1	4	to	to
2574	53	5	1	5	having	having
2575	53	6	1	6	a	a
2576	53	7	1	7	lasting	lasting
2577	53	8	1	8	and	and
2578	53	9	1	9	fulfilling	fulfilling
2579	53	10	1	10	"relationship,"	relationship
2580	53	11	1	11	common	common
2581	53	12	1	12	wisdom	wisdom
2582	53	13	1	13	says	says
2583	53	14	1	14	that	that
2584	53	15	1	15	feeling	feeling
2585	53	16	1	16	close	close
2586	53	17	1	17	to	to
2587	53	18	1	18	your	your
2588	53	19	1	19	romantic	romantic
2589	53	20	1	20	partner	partner
2590	53	21	1	21	is	is
2591	53	22	1	22	paramount.	paramount
2592	53	23	2	1	But	but
2593	53	24	2	2	a	a
2594	53	25	2	3	new	new
2595	53	26	2	4	study	study
2596	53	27	2	5	finds	finds
2597	53	28	2	6	that	that
2598	53	29	2	7	it's	it's
2599	53	30	2	8	not	not
2600	53	31	2	9	how	how
2601	53	32	2	10	close	close
2602	53	33	2	11	you	you
2603	53	34	2	12	feel	feel
2604	53	35	2	13	that	that
2605	53	36	2	14	matters	matters
2606	53	37	2	15	"most,"	most
2607	53	38	2	16	it's	it's
2608	53	39	2	17	whether	whether
2609	53	40	2	18	you	you
2610	53	41	2	19	are	are
2611	53	42	2	20	as	as
2612	53	43	2	21	close	close
2613	53	44	2	22	as	as
2614	53	45	2	23	you	you
2615	53	46	2	24	want	want
2616	53	47	2	25	to	to
2617	53	48	2	26	"be,"	be
2618	53	49	2	27	even	even
2619	53	50	2	28	if	if
2620	53	51	2	29	that's	that's
2621	53	52	2	30	really	really
2622	53	53	2	31	not	not
2623	53	54	2	32	close	close
2624	53	55	2	33	at	at
2625	53	56	2	34	all	all
2626	54	1	1	1	At	at
2627	54	2	1	2	the	the
2628	54	3	1	3	time	time
2629	54	4	1	4	the	the
2630	54	5	1	5	French	french
2631	54	6	1	6	crown	crown
2632	54	7	1	7	secured	secured
2633	54	8	1	8	much	much
2634	54	9	1	9	of	of
2635	54	10	1	10	its	its
2636	54	11	1	11	revenue	revenue
2637	54	12	1	12	by	by
2638	54	13	1	13	issuing	issuing
2639	54	14	1	14	government	government
2640	54	15	1	15	bonds.	bonds
2641	54	16	2	1	In	in
2642	54	17	2	2	"1727,"	1727
2643	54	18	2	3	in	in
2644	54	19	2	4	order	order
2645	54	20	2	5	to	to
2646	54	21	2	6	save	save
2647	54	22	2	7	"money,"	money
2648	54	23	2	8	the	the
2649	54	24	2	9	state	state
2650	54	25	2	10	cut	cut
2651	54	26	2	11	the	the
2652	54	27	2	12	bonds	bonds
2653	54	28	2	13	interest	interest
2654	54	29	2	14	rate.	rate
2655	54	30	3	1	The	the
2656	54	31	3	2	market	market
2657	54	32	3	3	value	value
2658	54	33	3	4	of	of
2659	54	34	3	5	these	these
2660	54	35	3	6	bonds	bonds
2661	54	36	3	7	"plummeted,"	plummeted
2662	54	37	3	8	and	and
2663	54	38	3	9	the	the
2664	54	39	3	10	market	market
2665	54	40	3	11	became	became
2666	54	41	3	12	wary	wary
2667	54	42	3	13	of	of
2668	54	43	3	14	French	french
2669	54	44	3	15	credit.	credit
2670	54	45	4	1	The	the
2671	54	46	4	2	French	french
2672	54	47	4	3	state	state
2673	54	48	4	4	was	was
2674	54	49	4	5	left	left
2675	54	50	4	6	without	without
2676	54	51	4	7	an	an
2677	54	52	4	8	easy	easy
2678	54	53	4	9	way	way
2679	54	54	4	10	of	of
2680	54	55	4	11	raising	raising
2681	54	56	4	12	money	money
2682	55	1	1	1	Voltaire	voltaire
2683	55	2	1	2	himself	himself
2684	55	3	1	3	probably	probably
2685	55	4	1	4	won	won
2686	55	5	1	5	around	around
2687	55	6	1	6	half	half
2688	55	7	1	7	a	a
2689	55	8	1	8	million	million
2690	55	9	1	9	"livres,"	livres
	55	10	1	10	a	a
2691	55	11	1	11	large	large
2692	55	12	1	12	"fortune,"	fortune
2693	55	13	1	13	which	which
2694	55	14	1	14	he	he
2695	55	15	1	15	then	then
2696	55	16	1	16	made	made
2697	55	17	1	17	even	even
2698	55	18	1	18	larger	larger
2699	55	19	1	19	in	in
2700	55	20	1	20	a	a
2701	55	21	1	21	series	series
2702	55	22	1	22	of	of
2703	55	23	1	23	canny	canny
2704	55	24	1	24	investments.	investments
2705	55	25	2	1	Soon	soon
2706	55	26	2	2	Voltaire	voltaire
2707	55	27	2	3	was	was
2708	55	28	2	4	a	a
2709	55	29	2	5	very	very
2710	55	30	2	6	rich	rich
2711	55	31	2	7	"man,"	man
2712	55	32	2	8	rich	rich
2713	55	33	2	9	enough	enough
2714	55	34	2	10	to	to
2715	55	35	2	11	become	become
2716	55	36	2	12	a	a
2717	55	37	2	13	moneylender	moneylender
2718	55	38	2	14	to	to
2719	55	39	2	15	the	the
2720	55	40	2	16	powerful	powerful
2721	55	41	2	17	and	and
2722	55	42	2	18	"famous,"	famous
2723	55	43	2	19	rich	rich
2724	55	44	2	20	enough	enough
2725	55	45	2	21	that	that
2726	55	46	2	22	he	he
2727	55	47	2	23	no	no
2728	55	48	2	24	longer	longer
2729	55	49	2	25	had	had
2730	55	50	2	26	to	to
2731	55	51	2	27	stake	stake
2732	55	52	2	28	his	his
2733	55	53	2	29	financial	financial
2734	55	54	2	30	well-being	well-being
2735	55	55	2	31	on	on
2736	55	56	2	32	that	that
2737	55	57	2	33	most	most
2738	55	58	2	34	unreliable	unreliable
2739	55	59	2	35	and	and
2740	55	60	2	36	detestable	detestable
2741	55	NA	NA	NA	NA	NA